ID,team_position,is_captain,is_vice_captain,multiplier,manager_id,gameweek,minutes,goals_scored,assists,bonus,clean_sheets,expected_goals,expected_assists,expected_goal_involvements,expected_goals_conceded,total_points,player_name
413,1,False,False,1,295362,1,90,0,0,2,1,0.0,0.0,0.0,1.77,9,Nick Pope
350,2,False,False,1,295362,1,90,0,0,1,1,0.03,0.02,0.05,1.01,7,Joško Gvardiol
361,3,False,False,1,295362,1,90,0,0,0,1,0.0,0.0,0.0,1.01,6,Rúben dos Santos Gato Alves Dias
200,4,False,False,1,295362,1,90,0,0,0,0,0.0,0.02,0.02,1.59,0,Marc Guéhi
415,5,False,False,1,295362,1,27,0,0,0,0,0.04,0.0,0.04,0.2,-2,Fabian Schär
503,6,False,False,1,295362,1,90,0,0,0,0,0.03,0.3,0.33,0.96,2,Son Heung-min
317,7,False,False,1,295362,1,78,1,0,0,1,0.95,0.04,0.99,0.41,8,Diogo Teixeira da Silva
9,8,False,False,1,295362,1,90,0,0,0,1,0.08,0.19,0.27,0.47,3,Gabriel Martinelli Silva
181,9,False,False,1,295362,1,57,0,0,0,0,0.15,0.06,0.21,0.66,1,Christopher Nkunku
401,10,False,False,1,295362,1,90,0,1,0,1,0.0,0.08,0.08,1.77,5,Alexander Isak
82,11,False,False,1,295362,1,90,0,0,0,0,0.34,0.15,0.49,1.02,2,Dominic Solanke-Mitchell
47,12,False,False,1,295362,1,90,0,0,0,0,0.0,0.0,0.0,2.46,3,Emiliano Martínez Romero
578,13,False,False,1,295362,1,0,0,0,0,0,0.0,0.0,0.0,0.0,0,Riccardo Calafiori
589,14,False,False,1,295362,1,17,0,0,0,0,0.0,0.0,0.0,0.27,1,Niclas Füllkrug
182,15,False,False,1,295362,1,90,0,0,0,0,0.07,0.19,0.26,0.77,2,Cole Palmer
347,1,False,False,1,302714,1,90,0,0,1,1,0.0,0.0,0.0,1.01,8,Ederson Santana de Moraes
18,2,False,False,1,302714,1,90,0,0,0,1,0.0,0.0,0.0,0.47,6,William Saliba
339,3,False,False,1,302714,1,90,0,0,0,1,0.0,0.01,0.01,0.45,6,Virgil van Dijk
6,4,False,False,1,302714,1,21,0,0,0,0,0.02,0.01,0.03,0.15,1,Jurriën Timber
210,5,False,False,1,302714,1,90,0,0,0,0,0.12,0.03,0.15,1.59,1,Tyrick Mitchell
328,6,False,False,1,302714,1,90,1,1,3,1,0.7,0.15,0.85,0.45,14,Mohamed Salah
525,7,False,False,1,302714,1,90,0,0,0,0,0.08,0.47,0.55,2.03,2,Mohammed Kudus
372,8,False,False,1,302714,1,29,0,1,0,0,0.68,0.09,0.77,0.23,4,Alejandro Garnacho Ferreyra
342,9,False,False,1,302714,1,90,0,1,0,1,0.13,0.2,0.33,1.01,6,Bernardo Mota Veiga de Carvalho e Silva
207,10,False,False,1,302714,1,45,0,0,0,0,0.0,0.01,0.01,0.5,1,Jean-Philippe Mateta
321,11,False,False,1,302714,1,11,0,0,0,0,0.0,0.0,0.0,0.04,0,Cody Gakpo
248,12,False,False,1,302714,1,90,0,0,0,0,0.0,0.0,0.0,2.43,3,Bernd Leno
360,13,False,False,1,302714,1,0,0,0,0,0,0.0,0.0,0.0,0.0,0,Rodrigo 'Rodri' Hernandez Cascante
108,14,False,False,1,302714,1,0,0,0,0,0,0.0,0.0,0.0,0.0,0,Ivan Toney
341,15,False,False,1,302714,1,0,0,0,0,0,0.0,0.0,0.0,0.0,0,Nathan Aké
310,1,False,False,1,307954,1,90,0,0,1,1,0.0,0.0,0.0,0.45,7,Alisson Becker
311,2,False,False,1,307954,1,76,0,0,2,1,0.06,1.0,1.06,0.41,8,Trent Alexander-Arnold
3,3,False,False,1,307954,1,90,0,0,0,1,0.12,0.02,0.14,0.47,6,Gabriel dos Santos Magalhães
369,4,False,False,1,307954,1,90,0,0,1,1,0.0,0.02,0.02,0.44,7,Diogo Dalot Teixeira
326,5,False,False,1,307954,1,45,0,0,0,0,0.0,0.0,0.0,0.15,1,Ibrahima Konaté
366,6,False,False,1,307954,1,90,0,0,0,1,1.19,0.03,1.22,0.44,3,Bruno Borges Fernandes
327,7,False,False,1,307954,1,90,0,0,0,1,0.46,0.38,0.84,0.45,3,Luis Díaz Marulanda
385,8,False,False,1,307954,1,90,0,0,0,1,0.0,0.11,0.11,0.44,3,Marcus Rashford
345,9,False,False,1,307954,1,90,0,0,0,1,0.07,0.32,0.39,1.01,3,Kevin De Bruyne
447,10,False,False,1,307954,1,71,1,0,3,1,0.71,0.02,0.73,0.63,9,Chris Wood
4,11,False,False,1,307954,1,90,1,1,3,1,0.45,0.04,0.49,0.47,12,Kai Havertz
508,12,False,False,1,307954,1,90,0,0,0,0,0.0,0.0,0.0,1.02,2,Guglielmo Vicario
492,13,False,False,1,307954,1,11,0,0,0,0,0.0,0.17,0.17,0.12,1,Dejan Kulusevski
268,14,False,False,1,307954,1,73,0,0,0,0,0.0,0.0,0.0,2.07,2,Liam Delap
363,15,False,False,1,307954,1,0,0,0,0,0,0.0,0.0,0.0,0.0,0,Kyle Walker
15,1,False,False,1,318423,1,90,0,0,1,1,0.0,0.0,0.0,0.47,8,David Raya Martín
24,2,False,False,1,318423,1,90,0,0,0,1,0.07,0.06,0.13,0.47,6,Benjamin White
495,3,False,False,1,318423,1,90,1,0,1,0,0.09,0.32,0.41,0.96,9,Pedro Porro Sauceda
335,4,False,False,1,318423,1,78,0,0,0,1,0.0,0.13,0.13,0.41,6,Andrew Robertson
399,5,False,False,1,318423,1,69,0,0,0,1,0.0,0.02,0.02,1.33,5,Lewis Hall
348,6,False,False,1,318423,1,45,0,0,0,0,0.0,0.01,0.01,0.72,1,Phil Foden
13,7,False,False,1,318423,1,90,0,0,0,1,0.02,0.06,0.08,0.47,3,Martin Ødegaard
494,8,False,False,1,318423,1,78,0,1,0,0,0.02,0.98,1.0,0.9,5,James Maddison
398,9,False,False,1,318423,1,69,0,0,0,1,0.0,0.02,0.02,1.33,3,Anthony Gordon
351,10,False,False,1,318423,1,90,1,0,2,1,0.28,0.0,0.28,1.01,7,Erling Haaland
180,11,False,False,1,318423,1,65,0,0,0,0,0.47,0.06,0.53,0.66,2,Nicolas Jackson
235,12,False,False,1,318423,1,90,0,0,0,0,0.0,0.02,0.02,1.43,1,Jordan Pickford
136,13,False,False,1,318423,1,88,1,0,0,1,0.97,0.04,1.01,0.45,8,Mitoma Kaoru
497,14,False,False,1,318423,1,1,0,0,0,0,0.19,0.0,0.19,0.06,1,Richarlison de Andrade
45,15,False,False,1,318423,1,16,0,0,0,0,0.0,0.04,0.04,1.06,1,Ian Maatsen
91,1,False,False,1,319681,1,90,0,0,0,0,0.0,0.0,0.0,1.17,4,Mark Flekken
395,2,False,False,1,319681,1,90,0,0,0,1,0.0,0.0,0.0,1.77,5,Dan Burn
44,3,False,False,1,319681,1,90,0,0,0,0,0.07,0.01,0.08,2.46,2,Ezri Konsa Ngoyo
211,4,False,False,1,319681,1,90,0,1,0,0,0.0,0.02,0.02,1.59,4,Daniel Muñoz Mejía
17,5,False,False,1,319681,1,79,1,1,2,1,0.35,0.37,0.72,0.32,12,Bukayo Saka
514,6,False,False,1,319681,1,72,0,0,0,0,0.0,0.07,0.07,1.76,2,Jarrod Bowen
199,7,False,False,1,319681,1,90,0,0,0,0,0.41,0.05,0.46,1.59,2,Eberechi Eze
433,8,False,False,1,319681,1,90,0,0,0,0,0.1,0.07,0.17,1.22,2,Morgan Gibbs-White
99,9,False,False,1,319681,1,89,1,0,2,0,0.09,0.45,0.54,1.17,9,Bryan Mbeumo
58,10,False,False,1,319681,1,61,0,0,0,0,0.0,0.0,0.0,1.28,2,Ollie Watkins
251,11,False,False,1,319681,1,77,0,0,0,1,0.11,0.0,0.11,1.57,2,Rodrigo Muniz Carvalho
383,12,False,False,1,319681,1,90,0,0,0,1,0.0,0.0,0.0,0.44,6,André Onana
418,13,False,False,1,319681,1,0,0,0,0,0,0.0,0.0,0.0,0.0,0,Kieran Trippier
316,14,False,False,1,319681,1,0,0,0,0,0,0.0,0.0,0.0,0.0,0,Darwin Núñez Ribeiro
244,15,False,False,1,319681,1,0,0,0,0,0,0.0,0.0,0.0,0.0,0,Timothy Castagne
413,1,False,False,1,295362,2,90,0,0,0,0,0.0,0.0,0.0,2.23,3,Nick Pope
350,2,False,False,1,295362,2,90,0,0,0,0,0.0,0.04,0.04,0.29,2,Joško Gvardiol
361,3,False,False,1,295362,2,90,0,0,0,0,0.0,0.05,0.05,0.29,1,Rúben dos Santos Gato Alves Dias
163,4,False,False,1,295362,2,82,0,0,0,0,0.0,0.18,0.18,1.8,0,Marc Cucurella Saseta
503,5,False,False,1,295362,2,90,2,0,3,1,1.14,0.05,1.19,1.0,16,Son Heung-min
317,6,False,False,1,295362,2,71,0,1,0,1,0.59,0.06,0.65,0.36,6,Diogo Teixeira da Silva
182,7,False,False,1,295362,2,82,1,3,2,0,0.67,0.15,0.82,1.8,17,Cole Palmer
9,8,False,False,1,295362,2,64,0,0,0,1,0.0,0.41,0.41,1.12,3,Gabriel Martinelli Silva
233,9,False,False,1,295362,2,75,0,0,0,0,0.11,0.01,0.12,0.49,1,Amadou Onana
110,10,False,False,1,295362,2,72,0,0,0,0,0.0,0.01,0.01,2.52,2,Yoane Wissa
401,11,False,False,1,295362,2,90,0,0,0,0,0.26,0.03,0.29,2.23,2,Alexander Isak
47,12,False,False,1,295362,2,90,0,0,0,0,0.0,0.0,0.0,0.87,1,Emiliano Martínez Romero
25,13,False,False,1,295362,2,0,0,0,0,0,0.0,0.0,0.0,0.0,0,Oleksandr Zinchenko
82,14,False,False,1,295362,2,0,0,0,0,0,0.0,0.0,0.0,0.0,0,Dominic Solanke-Mitchell
415,15,False,False,1,295362,2,0,0,0,0,0,0.0,0.0,0.0,0.0,0,Fabian Schär
347,1,False,False,1,302714,2,90,0,0,0,0,0.0,0.0,0.0,0.29,2,Ederson Santana de Moraes
505,2,False,False,1,302714,2,72,0,0,0,1,0.0,0.01,0.01,1.0,6,Destiny Udogie
339,3,False,False,1,302714,2,90,0,0,1,1,0.02,0.01,0.03,0.36,7,Virgil van Dijk
355,4,False,False,1,302714,2,90,0,0,0,0,0.53,0.06,0.59,0.29,2,Rico Lewis
328,5,False,False,1,302714,2,82,1,0,2,1,0.5,0.25,0.75,0.36,10,Mohamed Salah
525,6,False,False,1,302714,2,87,0,0,0,1,0.08,0.16,0.24,1.32,3,Mohammed Kudus
372,7,False,False,1,302714,2,25,0,0,0,0,0.71,0.06,0.77,0.76,1,Alejandro Garnacho Ferreyra
342,8,False,False,1,302714,2,90,0,0,0,0,0.11,0.07,0.18,0.29,2,Bernardo Mota Veiga de Carvalho e Silva
570,9,False,False,1,302714,2,90,0,0,0,0,0.06,0.0,0.06,1.78,2,Abdul Fatawu
207,10,False,False,1,302714,2,90,0,0,0,0,0.3,0.23,0.53,1.39,2,Jean-Philippe Mateta
306,11,False,False,1,302714,2,70,0,0,0,0,0.0,0.0,0.0,1.74,2,Jamie Vardy
248,12,False,False,1,302714,2,90,0,0,0,0,0.0,0.0,0.0,0.61,3,Bernd Leno
148,13,False,False,1,302714,2,78,1,0,3,0,1.11,0.02,1.13,1.32,9,Danny Welbeck
18,14,False,False,1,302714,2,90,0,0,0,1,0.0,0.01,0.01,1.28,6,William Saliba
210,15,False,False,1,302714,2,90,0,0,0,0,0.0,0.08,0.08,1.39,1,Tyrick Mitchell
310,1,False,False,1,307954,2,90,0,0,0,1,0.0,0.0,0.0,0.36,6,Alisson Becker
311,2,False,False,1,307954,2,71,0,0,0,1,0.1,0.53,0.63,0.36,6,Trent Alexander-Arnold
3,3,False,False,1,307954,2,90,0,0,1,1,0.0,0.02,0.02,1.28,6,Gabriel dos Santos Magalhães
340,4,False,False,1,307954,2,90,0,0,0,0,0.0,0.16,0.16,0.29,2,Manuel Akanji
492,5,False,False,1,307954,2,66,0,1,0,1,0.0,0.11,0.11,1.0,6,Dejan Kulusevski
366,6,False,False,1,307954,2,78,0,0,0,0,0.07,0.73,0.8,1.5,2,Bruno Borges Fernandes
327,7,False,False,1,307954,2,71,1,1,3,1,0.87,0.17,1.04,0.36,14,Luis Díaz Marulanda
385,8,False,False,1,307954,2,64,0,0,0,0,0.0,0.01,0.01,1.33,2,Marcus Rashford
345,9,False,False,1,307954,2,89,1,1,2,0,0.81,0.65,1.46,0.29,12,Kevin De Bruyne
447,10,False,False,1,307954,2,74,0,0,0,1,0.24,0.09,0.33,0.14,1,Chris Wood
4,11,False,False,1,307954,2,90,0,0,0,1,0.21,0.03,0.24,1.28,2,Kai Havertz
508,12,False,False,1,307954,2,90,0,0,0,1,0.0,0.0,0.0,1.0,6,Guglielmo Vicario
268,13,False,False,1,307954,2,82,0,0,0,0,0.0,0.01,0.01,3.3,2,Liam Delap
326,14,False,False,1,307954,2,90,0,0,1,1,0.19,0.02,0.21,0.36,7,Ibrahima Konaté
369,15,False,False,1,307954,2,90,0,0,0,0,0.02,0.05,0.07,2.09,1,Diogo Dalot Teixeira
15,1,False,False,1,318423,2,90,0,0,3,1,0.0,0.0,0.0,1.28,10,David Raya Martín
24,2,False,False,1,318423,2,90,0,0,0,1,0.0,0.02,0.02,1.28,6,Benjamin White
495,3,False,False,1,318423,2,90,0,0,0,1,0.03,0.11,0.14,1.0,6,Pedro Porro Sauceda
335,4,False,False,1,318423,2,90,0,0,0,1,0.3,0.19,0.49,0.36,6,Andrew Robertson
399,5,False,False,1,318423,2,21,0,0,0,0,0.0,0.1,0.1,0.42,1,Lewis Hall
136,6,False,False,1,318423,2,89,0,1,1,0,0.0,0.58,0.58,1.32,6,Mitoma Kaoru
13,7,False,False,1,318423,2,90,0,0,0,1,0.26,0.6,0.86,1.28,2,Martin Ødegaard
494,8,False,False,1,318423,2,78,0,1,0,1,0.41,0.38,0.79,1.0,6,James Maddison
398,9,False,False,1,318423,2,88,1,0,3,0,0.65,0.38,1.03,2.15,10,Anthony Gordon
351,10,False,False,1,318423,2,89,3,0,3,0,1.79,0.04,1.83,0.29,17,Erling Haaland
389,11,False,False,1,318423,2,45,0,0,0,0,0.0,0.03,0.03,1.28,1,Joshua Zirkzee
235,12,False,False,1,318423,2,90,0,0,0,0,0.0,0.0,0.0,2.43,1,Jordan Pickford
348,13,False,False,1,318423,2,0,0,0,0,0,0.0,0.0,0.0,0.0,0,Phil Foden
497,14,False,False,1,318423,2,24,0,0,0,0,0.0,0.0,0.0,0.0,1,Richarlison de Andrade
45,15,False,False,1,318423,2,14,0,0,0,0,0.0,0.09,0.09,0.38,1,Ian Maatsen
383,1,False,False,1,319681,2,90,0,0,0,0,0.0,0.0,0.0,2.09,1,André Onana
211,2,False,False,1,319681,2,90,0,0,0,0,0.0,0.02,0.02,1.39,1,Daniel Muñoz Mejía
395,3,False,False,1,319681,2,90,0,0,0,0,0.28,0.01,0.29,2.23,1,Dan Burn
380,4,False,False,1,319681,2,90,0,0,0,0,0.0,0.19,0.19,2.09,1,Lisandro Martínez
17,5,False,False,1,319681,2,87,0,1,0,1,0.05,0.1,0.15,1.25,6,Bukayo Saka
514,6,False,False,1,319681,2,90,1,0,0,1,0.1,0.25,0.35,1.35,8,Jarrod Bowen
199,7,False,False,1,319681,2,90,0,0,0,0,0.45,0.17,0.62,1.39,2,Eberechi Eze
99,8,False,False,1,319681,2,90,0,0,0,0,0.03,0.12,0.15,2.65,1,Bryan Mbeumo
251,9,False,False,1,319681,2,79,0,0,0,0,0.58,0.01,0.59,0.46,2,Rodrigo Muniz Carvalho
58,10,False,False,1,319681,2,64,0,0,0,1,0.87,0.0,0.87,0.36,2,Ollie Watkins
316,11,False,False,1,319681,2,18,0,0,0,0,0.0,0.0,0.0,0.0,1,Darwin Núñez Ribeiro
91,12,False,False,1,319681,2,90,0,0,0,0,0.0,0.0,0.0,2.65,3,Mark Flekken
433,13,False,False,1,319681,2,90,1,0,2,1,0.47,0.02,0.49,0.14,10,Morgan Gibbs-White
418,14,False,False,1,319681,2,32,0,0,0,0,0.0,0.02,0.02,1.07,1,Kieran Trippier
44,15,False,False,1,319681,2,90,0,0,0,0,0.0,0.01,0.01,0.87,1,Ezri Konsa Ngoyo
47,1,False,False,1,295362,3,90,0,0,0,0,0.0,0.0,0.0,0.45,2,Emiliano Martínez Romero
350,2,False,False,1,295362,3,87,0,0,0,0,0.1,0.45,0.55,0.64,2,Joško Gvardiol
361,3,False,False,1,295362,3,90,0,0,0,0,0.28,0.02,0.3,0.73,0,Rúben dos Santos Gato Alves Dias
52,4,False,False,1,295362,3,90,0,0,0,0,0.0,0.0,0.0,0.45,2,Pau Torres
255,5,False,False,1,295362,3,90,0,1,0,0,0.0,0.06,0.06,0.45,4,Antonee Robinson
182,6,False,False,1,295362,3,90,0,1,2,0,0.11,0.7,0.81,0.44,6,Cole Palmer
503,7,False,False,1,295362,3,90,0,0,1,0,0.1,0.18,0.28,1.57,3,Son Heung-min
317,8,False,False,1,295362,3,75,0,0,0,1,0.07,0.01,0.08,0.83,3,Diogo Teixeira da Silva
9,9,False,False,1,295362,3,16,0,0,0,0,0.0,0.0,0.0,0.65,1,Gabriel Martinelli Silva
233,10,False,False,1,295362,3,61,1,0,2,1,0.45,0.03,0.48,0.17,9,Amadou Onana
110,11,False,False,1,295362,3,90,1,0,2,0,1.09,0.25,1.34,1.57,8,Yoane Wissa
413,12,False,False,1,295362,3,90,0,0,0,0,0.0,0.0,0.0,1.26,4,Nick Pope
401,13,False,False,1,295362,3,90,1,0,3,0,1.0,0.01,1.01,1.26,9,Alexander Isak
163,14,False,False,1,295362,3,90,0,0,0,0,0.0,0.01,0.01,0.44,2,Marc Cucurella Saseta
82,15,False,False,1,295362,3,0,0,0,0,0,0.0,0.0,0.0,0.0,0,Dominic Solanke-Mitchell
347,1,False,False,1,302714,3,90,0,0,0,0,0.0,0.0,0.0,0.73,2,Ederson Santana de Moraes
245,2,False,False,1,302714,3,90,0,0,0,0,0.17,0.01,0.18,0.45,2,Issa Diop
18,3,False,False,1,302714,3,90,0,0,0,0,0.0,0.01,0.01,1.83,2,William Saliba
355,4,False,False,1,302714,3,90,0,1,1,0,0.09,0.09,0.18,0.73,6,Rico Lewis
328,5,False,False,1,302714,3,90,1,2,3,1,0.5,0.63,1.13,1.36,17,Mohamed Salah
78,6,False,False,1,302714,3,90,1,0,0,0,0.5,0.03,0.53,1.97,6,Antoine Semenyo
342,7,False,False,1,302714,3,90,0,1,2,0,0.29,0.5,0.79,0.73,7,Bernardo Mota Veiga de Carvalho e Silva
83,8,False,False,1,302714,3,90,0,0,0,0,0.66,0.22,0.88,1.97,2,Marcus Tavernier
177,9,False,False,1,302714,3,85,0,0,0,0,0.59,0.04,0.63,0.25,2,Noni Madueke
207,10,False,False,1,302714,3,68,0,0,0,0,0.02,0.0,0.02,1.87,2,Jean-Philippe Mateta
306,11,False,False,1,302714,3,90,0,0,0,0,0.0,0.02,0.02,1.55,1,Jamie Vardy
248,12,False,False,1,302714,3,90,0,0,0,0,0.0,0.0,0.0,0.45,3,Bernd Leno
148,13,False,False,1,302714,3,84,0,0,0,0,0.1,0.01,0.11,2.08,2,Danny Welbeck
505,14,False,False,1,302714,3,90,0,0,0,0,0.0,0.02,0.02,1.57,1,Destiny Udogie
339,15,False,False,1,302714,3,90,0,0,0,1,0.0,0.03,0.03,1.36,5,Virgil van Dijk
310,1,False,False,1,307954,3,90,0,0,1,1,0.0,0.0,0.0,1.36,8,Alisson Becker
311,2,False,False,1,307954,3,75,0,0,0,1,0.0,0.01,0.01,0.83,6,Trent Alexander-Arnold
3,3,False,False,1,307954,3,90,0,0,0,0,0.12,0.01,0.13,1.83,2,Gabriel dos Santos Magalhães
340,4,False,False,1,307954,3,90,0,0,0,0,0.0,0.04,0.04,0.73,1,Manuel Akanji
492,5,False,False,1,307954,3,90,0,0,0,0,0.08,0.11,0.19,1.57,2,Dejan Kulusevski
366,6,False,False,1,307954,3,90,0,0,0,0,0.02,0.07,0.09,1.73,2,Bruno Borges Fernandes
327,7,False,False,1,307954,3,65,2,0,2,1,0.6,0.01,0.61,0.49,15,Luis Díaz Marulanda
345,8,False,False,1,307954,3,87,0,0,0,0,0.27,0.64,0.91,0.64,1,Kevin De Bruyne
268,9,False,False,1,307954,3,80,1,0,1,0,0.21,0.0,0.21,0.9,7,Liam Delap
447,10,False,False,1,307954,3,90,1,0,3,0,0.47,0.01,0.48,0.74,9,Chris Wood
4,11,False,False,1,307954,3,90,1,0,2,0,0.77,0.05,0.82,1.83,8,Kai Havertz
508,12,False,False,1,307954,3,90,0,0,0,0,0.0,0.0,0.0,1.57,1,Guglielmo Vicario
385,13,False,False,1,307954,3,90,0,0,0,0,0.0,0.59,0.59,1.73,2,Marcus Rashford
326,14,False,False,1,307954,3,90,0,0,0,1,0.04,0.0,0.04,1.36,6,Ibrahima Konaté
369,15,False,False,1,307954,3,90,0,0,0,0,0.0,0.02,0.02,1.73,1,Diogo Dalot Teixeira
15,1,False,False,1,318423,3,90,0,0,0,0,0.0,0.01,0.01,1.83,2,David Raya Martín
24,2,False,False,1,318423,3,90,0,0,0,0,0.04,0.0,0.04,1.83,2,Benjamin White
495,3,False,False,1,318423,3,90,0,0,0,0,0.21,0.17,0.38,1.57,1,Pedro Porro Sauceda
335,4,False,False,1,318423,3,82,0,0,0,1,0.0,0.07,0.07,1.34,6,Andrew Robertson
621,5,False,False,1,318423,3,32,0,0,0,0,0.03,0.01,0.04,0.31,1,João Félix Sequeira
136,6,False,False,1,318423,3,84,0,0,0,0,0.04,0.14,0.18,2.08,2,Mitoma Kaoru
13,7,False,False,1,318423,3,73,0,0,0,0,0.18,0.08,0.26,1.18,2,Martin Ødegaard
494,8,False,False,1,318423,3,81,0,0,0,0,0.07,0.07,0.14,1.57,1,James Maddison
398,9,False,False,1,318423,3,90,0,0,0,0,0.0,0.31,0.31,1.26,2,Anthony Gordon
351,10,False,False,1,318423,3,90,3,0,3,0,1.71,0.11,1.82,0.73,17,Erling Haaland
389,11,False,False,1,318423,3,85,0,0,0,0,0.88,0.02,0.9,1.3,1,Joshua Zirkzee
235,12,False,False,1,318423,3,90,0,0,0,0,0.0,0.0,0.0,2.22,2,Jordan Pickford
399,13,False,False,1,318423,3,22,0,0,0,0,0.0,0.0,0.0,0.27,1,Lewis Hall
180,14,False,False,1,318423,3,90,1,0,1,0,1.34,0.0,1.34,0.44,6,Nicolas Jackson
45,15,False,False,1,318423,3,11,0,0,0,0,0.01,0.0,0.01,0.05,1,Ian Maatsen
91,1,False,False,1,319681,3,90,0,0,0,0,0.0,0.0,0.0,1.57,3,Mark Flekken
44,2,False,False,1,319681,3,90,0,0,0,0,0.0,0.0,0.0,0.45,2,Ezri Konsa Ngoyo
395,3,False,False,1,319681,3,90,0,0,0,0,0.0,0.06,0.06,1.26,0,Dan Burn
36,4,False,False,1,319681,3,90,0,1,2,0,0.0,0.1,0.1,0.45,7,Lucas Digne
17,5,False,False,1,319681,3,90,0,1,1,0,0.95,0.2,1.15,1.83,6,Bukayo Saka
514,6,False,False,1,319681,3,85,0,1,0,0,0.08,0.22,0.3,2.78,5,Jarrod Bowen
433,7,False,False,1,319681,3,90,0,0,0,0,0.13,0.7,0.83,0.74,1,Morgan Gibbs-White
99,8,False,False,1,319681,3,90,2,0,3,0,0.81,0.34,1.15,1.57,14,Bryan Mbeumo
251,9,False,False,1,319681,3,78,0,0,0,0,0.34,0.01,0.35,0.36,2,Rodrigo Muniz Carvalho
58,10,False,False,1,319681,3,60,0,1,0,1,0.71,0.01,0.72,0.17,5,Ollie Watkins
316,11,False,False,1,319681,3,14,0,0,0,0,0.15,0.0,0.15,0.53,1,Darwin Núñez Ribeiro
383,12,False,False,1,319681,3,90,0,0,0,0,0.0,0.0,0.0,1.73,1,André Onana
199,13,False,False,1,319681,3,90,1,0,3,0,0.19,0.06,0.25,2.27,10,Eberechi Eze
380,14,False,False,1,319681,3,90,0,0,0,0,0.34,0.01,0.35,1.73,0,Lisandro Martínez
211,15,False,False,1,319681,3,90,0,0,0,0,0.0,0.26,0.26,2.27,1,Daniel Muñoz Mejía
413,1,False,False,1,295362,4,90,0,0,0,0,0.0,0.0,0.0,0.99,3,Nick Pope
350,2,False,False,1,295362,4,45,0,0,0,0,0.0,0.14,0.14,0.04,1,Joško Gvardiol
361,3,False,False,1,295362,4,6,0,0,0,0,0.0,0.0,0.0,0.04,1,Rúben dos Santos Gato Alves Dias
52,4,False,False,1,295362,4,90,0,0,0,0,0.0,0.04,0.04,0.9,1,Pau Torres
255,5,False,False,1,295362,4,90,0,0,0,0,0.0,0.18,0.18,0.76,2,Antonee Robinson
182,6,False,False,1,295362,4,90,0,0,0,1,0.0,0.03,0.03,1.78,3,Cole Palmer
503,7,False,False,1,295362,4,90,0,0,0,0,0.04,0.13,0.17,0.73,2,Son Heung-min
317,8,False,False,1,295362,4,59,0,0,0,0,0.3,0.0,0.3,0.14,1,Diogo Teixeira da Silva
9,9,False,False,1,295362,4,79,0,0,0,1,0.17,0.14,0.31,0.61,3,Gabriel Martinelli Silva
233,10,False,False,1,295362,4,45,0,0,0,0,0.0,0.03,0.03,0.67,1,Amadou Onana
401,11,False,False,1,295362,4,45,0,0,0,0,0.06,0.16,0.22,0.63,1,Alexander Isak
47,12,False,False,1,295362,4,90,0,0,0,0,0.0,0.0,0.0,0.9,0,Emiliano Martínez Romero
163,13,False,False,1,295362,4,90,0,0,0,1,0.0,0.03,0.03,1.78,5,Marc Cucurella Saseta
110,14,False,False,1,295362,4,45,1,0,2,0,0.34,0.0,0.34,0.68,7,Yoane Wissa
129,15,False,False,1,295362,4,0,0,0,0,0,0.0,0.0,0.0,0.0,0,João Pedro Junqueira de Jesus
347,1,False,False,1,302714,4,90,0,1,1,0,0.0,0.01,0.01,0.96,7,Ederson Santana de Moraes
120,2,False,False,1,302714,4,90,0,0,0,1,0.09,0.01,0.1,0.35,6,Lewis Dunk
339,3,False,False,1,302714,4,90,0,0,0,0,0.14,0.02,0.16,0.44,2,Virgil van Dijk
355,4,False,False,1,302714,4,45,0,0,0,0,0.0,0.02,0.02,0.92,1,Rico Lewis
177,5,False,False,1,302714,4,60,0,0,0,1,0.11,0.0,0.11,1.55,3,Noni Madueke
328,6,False,False,1,302714,4,90,0,0,0,0,0.13,0.13,0.26,0.44,2,Mohamed Salah
78,7,False,False,1,302714,4,90,0,0,0,0,0.1,0.03,0.13,0.78,1,Antoine Semenyo
342,8,False,False,1,302714,4,6,0,0,0,0,0.0,0.0,0.0,0.04,1,Bernardo Mota Veiga de Carvalho e Silva
83,9,False,False,1,302714,4,82,0,0,0,1,0.1,0.26,0.36,0.48,3,Marcus Tavernier
148,10,False,False,1,302714,4,84,0,0,0,1,0.18,0.13,0.31,0.35,2,Danny Welbeck
207,11,False,False,1,302714,4,90,2,0,3,0,1.36,0.01,1.37,1.23,13,Jean-Philippe Mateta
248,12,False,False,1,302714,4,90,0,0,0,0,0.0,0.0,0.0,0.76,2,Bernd Leno
594,13,False,False,1,302714,4,73,0,0,0,1,0.12,0.34,0.46,1.12,6,Noussair Mazraoui
306,14,False,False,1,302714,4,90,1,0,2,0,0.64,0.05,0.69,2.55,8,Jamie Vardy
18,15,False,False,1,302714,4,90,0,0,0,1,0.0,0.01,0.01,0.74,5,William Saliba
310,1,False,False,1,307954,4,90,0,0,0,0,0.0,0.0,0.0,0.44,2,Alisson Becker
311,2,False,False,1,307954,4,90,0,0,0,0,0.02,0.33,0.35,0.44,1,Trent Alexander-Arnold
340,3,False,False,1,307954,4,90,0,0,0,0,0.0,0.07,0.07,0.96,2,Manuel Akanji
326,4,False,False,1,307954,4,74,0,0,0,0,0.0,0.02,0.02,0.25,2,Ibrahima Konaté
345,5,False,False,1,307954,4,90,0,0,0,0,0.06,0.56,0.62,0.96,2,Kevin De Bruyne
366,6,False,False,1,307954,4,90,0,1,0,1,0.22,0.35,0.57,1.12,5,Bruno Borges Fernandes
327,7,False,False,1,307954,4,60,0,0,0,1,0.11,0.03,0.14,0.14,3,Luis Díaz Marulanda
492,8,False,False,1,307954,4,90,0,0,0,0,0.16,0.11,0.27,0.73,1,Dejan Kulusevski
447,9,False,False,1,307954,4,80,0,0,0,1,0.13,0.01,0.14,0.85,2,Chris Wood
4,10,False,False,1,307954,4,90,0,0,0,1,0.14,0.0,0.14,0.74,2,Kai Havertz
268,11,False,False,1,307954,4,58,0,0,0,0,0.21,0.0,0.21,1.22,1,Liam Delap
508,12,False,False,1,307954,4,90,0,0,0,0,0.0,0.0,0.0,0.73,2,Guglielmo Vicario
348,13,False,False,1,307954,4,0,0,0,0,0,0.0,0.0,0.0,0.0,0,Phil Foden
3,14,False,False,1,307954,4,90,1,0,3,1,0.27,0.0,0.27,0.74,15,Gabriel dos Santos Magalhães
369,15,False,False,1,307954,4,90,0,1,2,1,0.0,0.48,0.48,1.12,11,Diogo Dalot Teixeira
15,1,False,False,1,318423,4,90,0,0,2,1,0.0,0.0,0.0,0.74,9,David Raya Martín
24,2,False,False,1,318423,4,90,0,0,0,1,0.0,0.01,0.01,0.74,6,Benjamin White
495,3,False,False,1,318423,4,90,0,0,0,0,0.0,0.07,0.07,0.73,2,Pedro Porro Sauceda
335,4,False,False,1,318423,4,74,0,0,0,0,0.0,0.09,0.09,0.25,1,Andrew Robertson
136,5,False,False,1,318423,4,90,0,0,0,1,0.65,0.02,0.67,0.35,3,Mitoma Kaoru
135,6,False,False,1,318423,4,67,0,0,0,1,0.0,0.2,0.2,0.21,2,Yankuba Minteh
494,7,False,False,1,318423,4,79,0,0,0,0,0.0,0.35,0.35,0.73,2,James Maddison
398,8,False,False,1,318423,4,90,0,0,0,0,0.18,0.18,0.36,0.99,2,Anthony Gordon
180,9,False,False,1,318423,4,78,0,0,0,1,0.31,0.01,0.32,1.55,1,Nicolas Jackson
351,10,False,False,1,318423,4,90,2,0,3,0,1.1,0.01,1.11,0.96,13,Erling Haaland
38,11,False,False,1,318423,4,21,1,0,1,0,0.33,0.0,0.33,0.23,6,Jhon Durán
235,12,False,False,1,318423,4,90,0,0,0,0,0.0,0.01,0.01,2.12,2,Jordan Pickford
399,13,False,False,1,318423,4,90,0,0,0,0,0.0,0.04,0.04,0.99,2,Lewis Hall
621,14,False,False,1,318423,4,29,0,0,0,0,0.0,0.02,0.02,0.22,0,João Félix Sequeira
45,15,False,False,1,318423,4,21,0,0,0,0,0.0,0.4,0.4,0.23,1,Ian Maatsen
383,1,False,False,1,319681,4,90,0,0,1,1,0.0,0.0,0.0,1.12,13,André Onana
44,2,False,False,1,319681,4,90,0,0,0,0,0.0,0.01,0.01,0.9,1,Ezri Konsa Ngoyo
380,3,False,False,1,319681,4,76,0,0,0,1,0.0,0.0,0.0,1.12,6,Lisandro Martínez
36,4,False,False,1,319681,4,68,0,1,0,0,0.0,0.68,0.68,0.67,4,Lucas Digne
17,5,False,False,1,319681,4,85,0,1,1,1,0.05,0.35,0.4,0.65,7,Bukayo Saka
514,6,False,False,1,319681,4,90,0,1,0,0,0.28,0.09,0.37,1.54,5,Jarrod Bowen
99,7,False,False,1,319681,4,90,0,0,0,0,0.19,0.35,0.54,2.17,2,Bryan Mbeumo
199,8,False,False,1,319681,4,90,0,0,0,0,0.46,0.34,0.8,1.23,2,Eberechi Eze
316,9,False,False,1,319681,4,30,0,0,0,0,0.0,0.0,0.0,0.3,1,Darwin Núñez Ribeiro
251,10,False,False,1,319681,4,17,0,0,0,0,0.0,0.0,0.0,0.33,1,Rodrigo Muniz Carvalho
58,11,False,False,1,319681,4,83,2,0,3,0,1.18,0.07,1.25,0.81,13,Ollie Watkins
91,12,False,False,1,319681,4,90,0,0,0,0,0.0,0.01,0.01,2.17,2,Mark Flekken
433,13,False,False,1,319681,4,80,0,0,0,1,0.02,0.05,0.07,0.85,3,Morgan Gibbs-White
395,14,False,False,1,319681,4,90,0,0,0,0,0.05,0.02,0.07,0.99,1,Dan Burn
211,15,False,False,1,319681,4,80,0,0,0,0,0.15,0.02,0.17,1.22,1,Daniel Muñoz Mejía
47,1,False,False,1,295362,5,90,0,0,0,0,0.0,0.0,0.0,0.51,3,Emiliano Martínez Romero
350,2,False,False,1,295362,5,90,0,0,0,0,0.08,0.09,0.17,0.65,1,Joško Gvardiol
361,3,False,False,1,295362,5,90,0,0,0,0,0.21,0.34,0.55,0.65,0,Rúben dos Santos Gato Alves Dias
52,4,False,False,1,295362,5,90,0,0,0,0,0.0,0.02,0.02,0.51,1,Pau Torres
505,5,False,False,1,295362,5,90,0,0,0,0,0.05,0.04,0.09,0.8,2,Destiny Udogie
503,6,False,False,1,295362,5,90,0,2,2,0,0.07,0.45,0.52,0.8,10,Son Heung-min
9,7,False,False,1,295362,5,86,0,1,0,0,0.0,0.06,0.06,1.48,5,Gabriel Martinelli Silva
182,8,False,False,1,295362,5,63,1,0,0,1,0.42,0.0,0.42,0.57,8,Cole Palmer
54,9,False,False,1,295362,5,90,0,2,3,0,0.0,0.6,0.6,0.51,10,Morgan Rogers
129,10,False,False,1,295362,5,19,0,0,0,0,0.02,0.0,0.02,0.0,1,João Pedro Junqueira de Jesus
82,11,False,False,1,295362,5,87,1,0,0,0,1.61,0.07,1.68,0.8,6,Dominic Solanke-Mitchell
413,12,False,False,1,295362,5,90,0,0,0,0,0.0,0.0,0.0,2.29,3,Nick Pope
317,13,False,False,1,295362,5,0,0,0,0,0,0.0,0.0,0.0,0.0,0,Diogo Teixeira da Silva
255,14,False,False,1,295362,5,90,0,0,0,0,0.07,0.02,0.09,1.54,2,Antonee Robinson
401,15,False,False,1,295362,5,90,0,0,0,0,0.09,0.02,0.11,2.29,2,Alexander Isak
347,1,False,False,1,302714,5,90,0,0,0,0,0.0,0.0,0.0,0.65,0,Ederson Santana de Moraes
120,2,False,False,1,302714,5,90,0,0,0,0,0.0,0.03,0.03,1.53,0,Lewis Dunk
339,3,False,False,1,302714,5,90,0,0,0,1,0.0,0.0,0.0,1.08,6,Virgil van Dijk
422,4,False,False,1,302714,5,90,0,0,0,0,0.0,0.0,0.0,0.94,0,Ola Aina
177,5,False,False,1,302714,5,90,0,0,0,1,0.16,0.01,0.17,0.85,3,Noni Madueke
328,6,False,False,1,302714,5,90,0,1,0,1,0.61,0.17,0.78,1.08,6,Mohamed Salah
78,7,False,False,1,302714,5,69,0,0,0,0,0.35,0.01,0.36,1.65,2,Antoine Semenyo
342,8,False,False,1,302714,5,90,0,0,0,0,0.06,0.25,0.31,0.65,1,Bernardo Mota Veiga de Carvalho e Silva
306,9,False,False,1,302714,5,82,0,0,0,0,0.0,0.01,0.01,1.02,2,Jamie Vardy
148,10,False,False,1,302714,5,90,1,0,1,0,0.37,0.06,0.43,1.53,6,Danny Welbeck
207,11,False,False,1,302714,5,45,0,0,0,0,0.0,0.0,0.0,1.42,1,Jean-Philippe Mateta
248,12,False,False,1,302714,5,90,0,0,0,0,0.0,0.0,0.0,1.54,2,Bernd Leno
83,13,False,False,1,302714,5,90,0,0,0,0,0.02,0.07,0.09,2.06,2,Marcus Tavernier
355,14,False,False,1,302714,5,0,0,0,0,0,0.0,0.0,0.0,0.0,0,Rico Lewis
18,15,False,False,1,302714,5,90,0,0,0,0,0.0,0.0,0.0,2.16,1,William Saliba
508,1,False,False,1,307954,5,90,0,0,0,0,0.0,0.0,0.0,0.8,3,Guglielmo Vicario
311,2,False,False,1,307954,5,90,0,1,2,1,0.0,0.13,0.13,1.08,11,Trent Alexander-Arnold
326,3,False,False,1,307954,5,90,0,1,0,1,0.0,0.03,0.03,1.08,8,Ibrahima Konaté
369,4,False,False,1,307954,5,90,0,0,3,1,0.0,0.23,0.23,1.01,9,Diogo Dalot Teixeira
348,5,False,False,1,307954,5,20,0,0,0,0,0.07,0.24,0.31,0.06,1,Phil Foden
366,6,False,False,1,307954,5,90,0,0,0,1,0.36,0.14,0.5,1.01,3,Bruno Borges Fernandes
327,7,False,False,1,307954,5,71,2,0,3,1,0.59,0.09,0.68,0.54,16,Luis Díaz Marulanda
492,8,False,False,1,307954,5,90,0,0,0,0,0.38,0.11,0.49,0.8,2,Dejan Kulusevski
4,9,False,False,1,307954,5,90,0,0,0,0,0.06,0.0,0.06,2.16,2,Kai Havertz
447,10,False,False,1,307954,5,71,1,0,2,0,0.79,0.0,0.79,0.87,8,Chris Wood
268,11,False,False,1,307954,5,72,0,0,0,0,0.05,0.03,0.08,2.13,1,Liam Delap
310,12,False,False,1,307954,5,0,0,0,0,0,0.0,0.0,0.0,0.0,0,Alisson Becker
345,13,False,False,1,307954,5,0,0,0,0,0,0.0,0.0,0.0,0.0,0,Kevin De Bruyne
3,14,False,False,1,307954,5,90,1,0,0,0,0.49,0.01,0.5,2.16,7,Gabriel dos Santos Magalhães
340,15,False,False,1,307954,5,90,0,0,0,0,0.03,0.31,0.34,0.65,1,Manuel Akanji
15,1,False,False,1,318423,5,90,0,0,0,0,0.0,0.0,0.0,2.16,4,David Raya Martín
24,2,False,False,1,318423,5,45,0,0,0,0,0.0,0.0,0.0,1.56,1,Benjamin White
495,3,False,False,1,318423,5,87,0,0,0,0,0.06,0.03,0.09,0.8,2,Pedro Porro Sauceda
335,4,False,False,1,318423,5,90,0,0,0,1,0.08,0.02,0.1,1.08,6,Andrew Robertson
136,5,False,False,1,318423,5,90,0,1,0,0,0.0,0.22,0.22,1.53,5,Mitoma Kaoru
336,6,False,False,1,318423,5,60,0,0,0,1,0.04,0.02,0.06,0.54,3,Dominik Szoboszlai
494,7,False,False,1,318423,5,87,1,1,3,0,0.92,1.08,2.0,0.8,12,James Maddison
398,8,False,False,1,318423,5,82,0,0,0,0,0.39,0.08,0.47,1.83,2,Anthony Gordon
180,9,False,False,1,318423,5,63,2,1,3,1,0.76,0.06,0.82,0.57,16,Nicolas Jackson
351,10,False,False,1,318423,5,90,1,0,3,0,0.81,0.02,0.83,0.65,9,Erling Haaland
38,11,False,False,1,318423,5,28,1,0,0,0,1.03,0.0,1.03,0.0,5,Jhon Durán
235,12,False,False,1,318423,5,90,0,0,0,0,0.0,0.01,0.01,0.66,2,Jordan Pickford
6,13,False,False,1,318423,5,90,0,0,0,0,0.0,0.0,0.0,1.68,2,Jurriën Timber
385,14,False,False,1,318423,5,29,0,0,0,0,0.0,0.05,0.05,0.84,1,Marcus Rashford
45,15,False,False,1,318423,5,45,0,0,0,0,0.0,0.02,0.02,0.0,1,Ian Maatsen
383,1,False,False,1,319681,5,90,0,0,2,1,0.0,0.0,0.0,1.01,9,André Onana
44,2,False,False,1,319681,5,90,1,0,1,0,0.21,0.02,0.23,0.51,9,Ezri Konsa Ngoyo
380,3,False,False,1,319681,5,90,0,0,0,1,0.21,0.01,0.22,1.01,5,Lisandro Martínez
36,4,False,False,1,319681,5,45,0,0,0,0,0.0,0.01,0.01,0.51,1,Lucas Digne
593,5,False,False,1,319681,5,90,0,0,0,1,0.54,0.0,0.54,1.01,6,Matthijs de Ligt
17,6,False,False,1,319681,5,45,0,1,0,0,0.0,0.41,0.41,0.6,4,Bukayo Saka
514,7,False,False,1,319681,5,90,0,0,0,0,0.12,0.11,0.23,2.19,2,Jarrod Bowen
99,8,False,False,1,319681,5,90,1,0,1,0,0.64,0.02,0.66,3.52,8,Bryan Mbeumo
19,9,False,False,1,319681,5,83,1,0,1,0,0.41,0.02,0.43,1.24,8,Emile Smith Rowe
433,10,False,False,1,319681,5,82,0,0,0,0,0.07,0.03,0.1,0.89,-1,Morgan Gibbs-White
58,11,False,False,1,319681,5,90,1,0,0,0,0.34,0.06,0.4,0.51,6,Ollie Watkins
91,12,False,False,1,319681,5,90,0,0,0,0,0.0,0.01,0.01,3.52,3,Mark Flekken
316,13,False,False,1,319681,5,71,1,0,0,1,0.31,0.01,0.32,0.54,6,Darwin Núñez Ribeiro
251,14,False,False,1,319681,5,16,0,1,0,0,0.16,0.01,0.17,0.3,4,Rodrigo Muniz Carvalho
395,15,False,False,1,319681,5,90,0,0,0,0,0.01,0.0,0.01,2.29,1,Dan Burn
47,1,False,False,1,295362,6,90,0,0,0,0,0.0,0.0,0.0,1.18,2,Emiliano Martínez Romero
350,2,False,False,1,295362,6,90,1,0,1,0,0.08,0.02,0.1,1.57,9,Joško Gvardiol
162,3,False,False,1,295362,6,90,0,0,0,0,0.0,0.0,0.0,1.11,1,Levi Samuels Colwill
578,4,False,False,1,295362,6,90,0,0,0,0,0.48,0.28,0.76,0.32,0,Riccardo Calafiori
361,5,False,False,1,295362,6,90,0,0,0,0,0.0,0.04,0.04,1.57,1,Rúben dos Santos Gato Alves Dias
182,6,False,False,1,295362,6,90,4,0,3,0,2.41,0.62,3.03,1.11,25,Cole Palmer
317,7,False,False,1,295362,6,90,0,2,1,0,0.0,0.15,0.15,0.63,8,Diogo Teixeira da Silva
54,8,False,False,1,295362,6,63,1,0,0,0,0.24,0.14,0.38,0.55,7,Morgan Rogers
9,9,False,False,1,295362,6,73,1,1,3,0,0.39,0.55,0.94,0.32,13,Gabriel Martinelli Silva
82,10,False,False,1,295362,6,90,1,0,0,1,1.33,0.01,1.34,0.96,6,Dominic Solanke-Mitchell
220,11,False,False,1,295362,6,90,0,0,0,0,0.34,0.01,0.35,0.95,1,Dominic Calvert-Lewin
413,12,False,False,1,295362,6,90,0,0,0,0,0.0,0.0,0.0,0.91,3,Nick Pope
505,13,False,False,1,295362,6,45,0,0,0,0,0.09,0.01,0.1,0.34,1,Destiny Udogie
503,14,False,False,1,295362,6,0,0,0,0,0,0.0,0.0,0.0,0.0,0,Son Heung-min
401,15,False,False,1,295362,6,0,0,0,0,0,0.0,0.0,0.0,0.0,0,Alexander Isak
152,1,False,False,1,302714,6,90,0,0,0,0,0.0,0.0,0.0,0.6,2,Kepa Arrizabalaga Revuelta
18,2,False,False,1,302714,6,90,0,0,0,0,0.0,0.01,0.01,0.32,0,William Saliba
339,3,False,False,1,302714,6,90,0,0,0,0,0.0,0.02,0.02,0.63,2,Virgil van Dijk
210,4,False,False,1,302714,6,90,0,0,0,0,0.0,0.01,0.01,0.89,1,Tyrick Mitchell
177,5,False,False,1,302714,6,62,0,1,0,0,0.23,0.0,0.23,0.88,5,Noni Madueke
328,6,False,False,1,302714,6,90,1,0,3,0,1.32,0.05,1.37,0.63,10,Mohamed Salah
78,7,False,False,1,302714,6,88,1,0,0,0,0.2,0.1,0.3,0.6,7,Antoine Semenyo
83,8,False,False,1,302714,6,75,0,1,0,0,0.04,0.11,0.15,0.58,4,Marcus Tavernier
148,9,False,False,1,302714,6,80,0,0,0,0,0.41,0.01,0.42,4.09,2,Danny Welbeck
252,10,False,False,1,302714,6,82,1,0,3,1,0.91,0.03,0.94,0.65,9,Raúl Jiménez Rodríguez
207,11,False,False,1,302714,6,90,0,0,0,0,0.02,0.01,0.03,0.89,2,Jean-Philippe Mateta
347,12,False,False,1,302714,6,90,0,0,0,0,0.0,0.0,0.0,1.57,2,Ederson Santana de Moraes
342,13,False,False,1,302714,6,90,0,0,0,0,0.09,0.14,0.23,1.57,2,Bernardo Mota Veiga de Carvalho e Silva
524,14,False,False,1,302714,6,90,0,0,0,0,0.0,0.02,0.02,0.37,1,Maximilian Kilman
355,15,False,False,1,302714,6,80,0,0,0,0,0.0,0.02,0.02,1.57,2,Rico Lewis
310,1,False,False,1,307954,6,90,0,0,0,0,0.0,0.0,0.0,0.63,2,Alisson Becker
311,2,False,False,1,307954,6,90,0,0,0,0,0.09,0.1,0.19,0.63,1,Trent Alexander-Arnold
326,3,False,False,1,307954,6,90,1,0,0,0,0.17,0.01,0.18,0.63,7,Ibrahima Konaté
3,4,False,False,1,307954,6,90,0,0,0,0,0.27,0.05,0.32,0.32,1,Gabriel dos Santos Magalhães
492,5,False,False,1,307954,6,90,1,0,3,1,0.43,0.39,0.82,0.96,11,Dejan Kulusevski
366,6,False,False,1,307954,6,41,0,0,0,0,0.0,0.02,0.02,1.99,-2,Bruno Borges Fernandes
327,7,False,False,1,307954,6,72,0,0,0,0,0.12,0.05,0.17,0.62,2,Luis Díaz Marulanda
571,8,False,False,1,307954,6,9,0,0,0,0,0.0,0.17,0.17,0.0,1,Sávio Moreira de Oliveira
447,9,False,False,1,307954,6,90,0,0,0,0,0.0,0.02,0.02,1.33,2,Chris Wood
268,10,False,False,1,307954,6,90,2,0,3,0,0.57,0.0,0.57,0.82,12,Liam Delap
4,11,False,False,1,307954,6,90,1,0,0,0,1.89,0.04,1.93,0.32,6,Kai Havertz
508,12,False,False,1,307954,6,90,0,0,0,1,0.0,0.0,0.0,0.96,6,Guglielmo Vicario
345,13,False,False,1,307954,6,0,0,0,0,0,0.0,0.0,0.0,0.0,0,Kevin De Bruyne
369,14,False,False,1,307954,6,90,0,0,0,0,0.0,0.02,0.02,4.59,0,Diogo Dalot Teixeira
340,15,False,False,1,307954,6,90,0,0,0,0,0.06,0.1,0.16,1.57,2,Manuel Akanji
15,1,False,False,1,318423,6,90,0,0,0,0,0.0,0.0,0.0,0.32,1,David Raya Martín
495,2,False,False,1,318423,6,90,0,0,0,1,0.12,0.09,0.21,0.96,5,Pedro Porro Sauceda
335,3,False,False,1,318423,6,88,0,0,0,0,0.0,0.56,0.56,0.63,2,Andrew Robertson
6,4,False,False,1,318423,6,90,0,1,0,0,0.21,0.12,0.33,0.32,4,Jurriën Timber
385,5,False,False,1,318423,6,72,0,0,0,0,0.0,0.05,0.05,2.86,2,Marcus Rashford
336,6,False,False,1,318423,6,72,0,0,0,0,0.75,0.01,0.76,0.62,2,Dominik Szoboszlai
494,7,False,False,1,318423,6,76,0,0,0,1,0.45,0.08,0.53,0.77,3,James Maddison
136,8,False,False,1,318423,6,90,0,0,0,0,0.03,0.13,0.16,4.16,2,Mitoma Kaoru
351,9,False,False,1,318423,6,90,0,0,0,0,0.45,0.1,0.55,1.57,2,Erling Haaland
38,10,False,False,1,318423,6,26,0,0,0,0,0.0,0.0,0.0,0.63,1,Jhon Durán
180,11,False,False,1,318423,6,78,0,1,0,0,1.37,0.06,1.43,0.97,5,Nicolas Jackson
235,12,False,False,1,318423,6,90,0,0,0,0,0.0,0.01,0.01,0.95,2,Jordan Pickford
24,13,False,False,1,318423,6,0,0,0,0,0,0.0,0.0,0.0,0.0,0,Benjamin White
398,14,False,False,1,318423,6,90,1,0,2,0,0.79,0.1,0.89,0.91,9,Anthony Gordon
45,15,False,False,1,318423,6,6,0,0,0,0,0.0,0.0,0.0,0.07,1,Ian Maatsen
383,1,False,False,1,319681,6,90,0,0,0,0,0.0,0.0,0.0,4.59,3,André Onana
44,2,False,False,1,319681,6,90,0,0,0,0,0.0,0.02,0.02,1.18,1,Ezri Konsa Ngoyo
380,3,False,False,1,319681,6,90,0,0,0,0,0.24,0.03,0.27,4.59,0,Lisandro Martínez
593,4,False,False,1,319681,6,90,0,0,0,0,0.17,0.01,0.18,4.59,1,Matthijs de Ligt
36,5,False,False,1,319681,6,83,0,0,0,0,0.0,0.02,0.02,1.12,0,Lucas Digne
17,6,False,False,1,319681,6,90,0,0,1,0,0.29,0.79,1.08,0.32,3,Bukayo Saka
514,7,False,False,1,319681,6,90,0,0,0,0,0.08,0.25,0.33,0.37,2,Jarrod Bowen
99,8,False,False,1,319681,6,90,1,0,2,0,0.25,0.41,0.66,0.99,9,Bryan Mbeumo
19,9,False,False,1,319681,6,87,0,0,0,1,0.15,0.05,0.2,0.78,3,Emile Smith Rowe
251,10,False,False,1,319681,6,7,0,0,0,0,0.0,0.0,0.0,0.15,1,Rodrigo Muniz Carvalho
58,11,False,False,1,319681,6,83,1,1,2,0,0.4,0.13,0.53,1.12,11,Ollie Watkins
185,12,False,False,1,319681,6,90,0,0,0,0,0.0,0.0,0.0,1.11,2,Robert Lynch Sánchez
316,13,False,False,1,319681,6,0,0,0,0,0,0.0,0.0,0.0,0.0,0,Darwin Núñez Ribeiro
395,14,False,False,1,319681,6,90,0,0,0,0,0.04,0.03,0.07,0.91,2,Dan Burn
433,15,False,False,1,319681,6,0,0,0,0,0,0.0,0.0,0.0,0.0,0,Morgan Gibbs-White
293,1,False,False,1,295362,7,90,0,0,0,1,0.0,0.0,0.0,2.16,6,Mads Hermansen
350,2,False,False,1,295362,7,90,0,0,0,0,0.08,0.09,0.17,2.6,1,Joško Gvardiol
162,3,False,False,1,295362,7,90,0,0,0,0,0.0,0.01,0.01,0.59,1,Levi Samuels Colwill
578,4,False,False,1,295362,7,89,0,0,0,0,0.0,0.12,0.12,0.61,2,Riccardo Calafiori
361,5,False,False,1,295362,7,90,0,0,0,0,0.05,0.04,0.09,2.6,1,Rúben dos Santos Gato Alves Dias
163,6,False,False,1,295362,7,90,0,0,0,0,0.0,0.02,0.02,0.85,1,Marc Cucurella Saseta
182,7,False,False,1,295362,7,90,0,1,2,0,0.39,0.1,0.49,0.85,6,Cole Palmer
317,8,False,False,1,295362,7,90,1,0,0,1,0.81,0.06,0.87,0.64,8,Diogo Teixeira da Silva
9,9,False,False,1,295362,7,30,1,0,0,0,0.41,0.04,0.45,0.33,6,Gabriel Martinelli Silva
306,10,False,False,1,295362,7,73,0,0,0,1,0.46,0.0,0.46,1.58,2,Jamie Vardy
82,11,False,False,1,295362,7,90,0,1,0,0,0.0,0.29,0.29,1.82,5,Dominic Solanke-Mitchell
413,12,False,False,1,295362,7,90,0,0,0,1,0.0,0.0,0.0,0.67,6,Nick Pope
54,13,False,False,1,295362,7,90,0,0,0,1,0.05,0.02,0.07,0.52,3,Morgan Rogers
503,14,False,False,1,295362,7,0,0,0,0,0,0.0,0.0,0.0,0.0,0,Son Heung-min
401,15,False,False,1,295362,7,0,0,0,0,0,0.0,0.0,0.0,0.0,0,Alexander Isak
347,1,False,False,1,302714,7,90,0,0,0,0,0.0,0.0,0.0,2.6,0,Ederson Santana de Moraes
18,2,False,False,1,302714,7,90,0,0,0,0,0.0,0.03,0.03,0.65,2,William Saliba
339,3,False,False,1,302714,7,90,0,0,2,1,0.03,0.09,0.12,0.64,8,Virgil van Dijk
355,4,False,False,1,302714,7,90,0,1,0,0,0.1,0.04,0.14,2.6,4,Rico Lewis
524,5,False,False,1,302714,7,90,0,0,0,0,0.0,0.0,0.0,0.65,2,Maximilian Kilman
386,6,False,False,1,302714,7,89,0,0,0,0,0.0,0.26,0.26,0.59,2,Jadon Sancho
328,7,False,False,1,302714,7,72,0,0,0,1,0.21,0.02,0.23,0.49,3,Mohamed Salah
78,8,False,False,1,302714,7,90,0,0,0,0,0.26,0.04,0.3,0.79,2,Antoine Semenyo
83,9,False,False,1,302714,7,90,0,0,0,0,0.14,0.06,0.2,0.79,2,Marcus Tavernier
491,10,False,False,1,302714,7,90,1,0,0,0,0.69,0.01,0.7,1.82,7,Brennan Johnson
148,11,False,False,1,302714,7,90,1,0,2,0,1.13,0.02,1.15,1.37,8,Danny Welbeck
152,12,False,False,1,302714,7,90,0,0,0,0,0.0,0.0,0.0,0.79,2,Kepa Arrizabalaga Revuelta
506,13,False,False,1,302714,7,90,0,0,0,0,0.0,0.01,0.01,1.82,1,Micky van de Ven
207,14,False,False,1,302714,7,30,0,0,0,0,0.0,0.07,0.07,0.52,1,Jean-Philippe Mateta
252,15,False,False,1,302714,7,76,0,1,0,0,0.45,0.79,1.24,1.34,5,Raúl Jiménez Rodríguez
310,1,False,False,1,307954,7,78,0,0,3,1,0.0,0.0,0.0,0.5,10,Alisson Becker
311,2,False,False,1,307954,7,90,0,0,2,1,0.06,0.48,0.54,0.64,8,Trent Alexander-Arnold
3,3,False,False,1,307954,7,90,0,0,0,0,0.2,0.04,0.24,0.65,2,Gabriel dos Santos Magalhães
340,4,False,False,1,307954,7,61,0,0,0,0,0.0,0.03,0.03,1.74,2,Manuel Akanji
326,5,False,False,1,307954,7,90,0,0,0,1,0.0,0.01,0.01,0.64,6,Ibrahima Konaté
23,6,False,False,1,307954,7,30,0,0,0,0,0.0,0.07,0.07,0.33,1,Leandro Trossard
327,7,False,False,1,307954,7,17,0,0,0,0,0.07,0.01,0.08,0.15,1,Luis Díaz Marulanda
492,8,False,False,1,307954,7,90,0,0,0,0,0.05,0.19,0.24,1.82,1,Dejan Kulusevski
447,9,False,False,1,307954,7,81,1,0,2,0,0.16,0.0,0.16,1.24,8,Chris Wood
4,10,False,False,1,307954,7,90,1,0,2,0,0.77,0.04,0.81,0.65,8,Kai Havertz
268,11,False,False,1,307954,7,82,1,0,0,0,0.12,0.03,0.15,3.71,6,Liam Delap
508,12,False,False,1,307954,7,90,0,0,0,0,0.0,0.0,0.0,1.82,1,Guglielmo Vicario
571,13,False,False,1,307954,7,0,0,0,0,0,0.0,0.0,0.0,0.0,0,Sávio Moreira de Oliveira
369,14,False,False,1,307954,7,90,0,0,0,1,0.0,0.01,0.01,0.42,6,Diogo Dalot Teixeira
345,15,False,False,1,307954,7,0,0,0,0,0,0.0,0.0,0.0,0.0,0,Kevin De Bruyne
15,1,False,False,1,318423,7,90,0,0,0,0,0.0,0.0,0.0,0.65,2,David Raya Martín
495,2,False,False,1,318423,7,90,0,0,0,0,0.03,0.19,0.22,1.82,1,Pedro Porro Sauceda
335,3,False,False,1,318423,7,11,0,0,0,0,0.0,0.0,0.0,0.14,1,Andrew Robertson
45,4,False,False,1,318423,7,5,0,0,0,0,0.0,0.09,0.09,0.1,1,Ian Maatsen
385,5,False,False,1,318423,7,63,0,0,0,1,0.18,0.01,0.19,0.28,2,Marcus Rashford
336,6,False,False,1,318423,7,45,0,0,0,0,0.04,0.06,0.1,0.57,1,Dominik Szoboszlai
494,7,False,False,1,318423,7,84,1,0,3,0,0.23,0.03,0.26,1.82,10,James Maddison
136,8,False,False,1,318423,7,90,0,1,0,0,0.11,0.2,0.31,1.37,5,Mitoma Kaoru
351,9,False,False,1,318423,7,90,0,0,0,0,0.25,0.09,0.34,2.6,2,Erling Haaland
38,10,False,False,1,318423,7,27,0,0,0,0,0.0,0.03,0.03,0.27,1,Jhon Durán
180,11,False,False,1,318423,7,80,0,0,0,0,0.5,0.03,0.53,0.59,2,Nicolas Jackson
235,12,False,False,1,318423,7,90,0,0,3,1,0.0,0.0,0.0,2.05,15,Jordan Pickford
24,13,False,False,1,318423,7,0,0,0,0,0,0.0,0.0,0.0,0.0,0,Benjamin White
398,14,False,False,1,318423,7,90,0,0,0,1,0.97,0.14,1.11,0.67,1,Anthony Gordon
6,15,False,False,1,318423,7,0,0,0,0,0,0.0,0.0,0.0,0.0,0,Jurriën Timber
185,1,False,False,1,319681,7,90,0,0,0,0,0.0,0.0,0.0,0.85,4,Robert Lynch Sánchez
498,2,False,False,1,319681,7,90,0,0,0,0,0.16,0.03,0.19,1.82,1,Cristian Romero
395,3,False,False,1,319681,7,90,0,0,2,1,0.03,0.0,0.03,0.67,8,Dan Burn
593,4,False,False,1,319681,7,45,0,0,0,0,0.0,0.0,0.0,0.26,1,Matthijs de Ligt
17,5,False,False,1,319681,7,90,1,2,3,0,0.31,0.93,1.24,0.65,16,Bukayo Saka
514,6,False,False,1,319681,7,90,1,1,2,0,0.29,1.04,1.33,0.65,12,Jarrod Bowen
99,7,False,False,1,319681,7,90,1,0,1,0,0.84,0.29,1.13,1.05,8,Bryan Mbeumo
19,8,False,False,1,319681,7,25,0,0,0,0,0.0,0.01,0.01,0.23,1,Emile Smith Rowe
433,9,False,False,1,319681,7,75,0,0,0,0,0.08,0.01,0.09,1.24,2,Morgan Gibbs-White
541,10,False,False,1,319681,7,90,1,0,3,0,0.44,0.27,0.71,4.25,9,Matheus Santos Carneiro da Cunha
58,11,False,False,1,319681,7,90,0,0,0,1,0.06,0.06,0.12,0.52,2,Ollie Watkins
383,12,False,False,1,319681,7,90,0,0,0,1,0.0,0.0,0.0,0.42,6,André Onana
316,13,False,False,1,319681,7,0,0,0,0,0,0.0,0.0,0.0,0.0,0,Darwin Núñez Ribeiro
380,14,False,False,1,319681,7,0,0,0,0,0,0.0,0.0,0.0,0.0,0,Lisandro Martínez
44,15,False,False,1,319681,7,11,0,0,0,0,0.0,0.0,0.0,0.15,1,Ezri Konsa Ngoyo
293,1,False,False,1,295362,8,90,0,0,0,0,0.0,0.0,0.0,2.15,3,Mads Hermansen
350,2,False,False,1,295362,8,90,1,0,2,0,0.02,0.15,0.17,0.97,10,Joško Gvardiol
578,3,False,False,1,295362,8,90,0,0,0,0,0.0,0.01,0.01,1.82,1,Riccardo Calafiori
361,4,False,False,1,295362,8,90,0,0,0,0,0.06,0.13,0.19,0.97,2,Rúben dos Santos Gato Alves Dias
503,5,False,False,1,295362,8,69,1,0,1,0,0.41,0.06,0.47,0.72,8,Son Heung-min
54,6,False,False,1,295362,8,82,1,0,0,0,0.65,0.19,0.84,1.57,6,Morgan Rogers
182,7,False,False,1,295362,8,90,0,0,0,0,0.38,0.17,0.55,1.94,2,Cole Palmer
317,8,False,False,1,295362,8,29,0,0,0,0,0.0,0.0,0.0,0.13,1,Diogo Teixeira da Silva
401,9,False,False,1,295362,8,90,0,0,0,0,0.81,0.19,1.0,1.12,2,Alexander Isak
306,10,False,False,1,295362,8,90,1,0,1,0,1.03,0.0,1.03,2.15,6,Jamie Vardy
82,11,False,False,1,295362,8,80,0,0,0,0,0.08,0.03,0.11,0.78,2,Dominic Solanke-Mitchell
413,12,False,False,1,295362,8,90,0,0,0,0,0.0,0.0,0.0,1.12,3,Nick Pope
9,13,False,False,1,295362,8,26,0,0,0,0,0.42,0.01,0.43,1.03,1,Gabriel Martinelli Silva
295,14,False,False,1,295362,8,90,0,0,0,0,0.03,0.06,0.09,2.15,1,James Justin
255,15,False,False,1,295362,8,90,0,0,0,0,0.02,0.07,0.09,1.68,1,Antonee Robinson
347,1,False,False,1,302714,8,90,0,0,0,0,0.0,0.0,0.0,0.97,2,Ederson Santana de Moraes
18,2,False,False,1,302714,8,29,0,0,0,0,0.0,0.0,0.0,0.03,-3,William Saliba
355,3,False,False,1,302714,8,90,0,0,0,0,0.0,0.12,0.12,0.97,2,Rico Lewis
301,4,False,False,1,302714,8,90,0,0,0,0,0.0,0.02,0.02,2.15,1,Caleb Okoli
342,5,False,False,1,302714,8,90,0,0,0,0,0.35,0.17,0.52,0.97,2,Bernardo Mota Veiga de Carvalho e Silva
328,6,False,False,1,302714,8,90,1,1,2,0,0.8,0.12,0.92,0.99,12,Mohamed Salah
618,7,False,False,1,302714,8,71,0,1,0,1,0.0,0.26,0.26,1.74,6,Georginio Rutter
491,8,False,False,1,302714,8,90,0,0,0,0,0.89,0.04,0.93,0.78,2,Brennan Johnson
177,9,False,False,1,302714,8,75,0,0,0,0,0.02,0.06,0.08,1.87,2,Noni Madueke
252,10,False,False,1,302714,8,90,1,0,1,0,0.74,0.0,0.74,1.68,7,Raúl Jiménez Rodríguez
148,11,False,False,1,302714,8,80,1,0,3,1,0.42,0.01,0.43,1.94,9,Danny Welbeck
152,12,False,False,1,302714,8,90,0,0,0,1,0.0,0.0,0.0,0.68,6,Kepa Arrizabalaga Revuelta
207,13,False,False,1,302714,8,24,0,0,0,0,0.12,0.0,0.12,0.27,1,Jean-Philippe Mateta
506,14,False,False,1,302714,8,90,0,0,0,0,0.0,0.01,0.01,0.78,1,Micky van de Ven
339,15,False,False,1,302714,8,90,0,0,0,0,0.02,0.0,0.02,0.99,2,Virgil van Dijk
508,1,False,False,1,307954,8,90,0,0,0,0,0.0,0.0,0.0,0.78,2,Guglielmo Vicario
311,2,False,False,1,307954,8,80,0,0,0,0,0.0,0.0,0.0,0.78,2,Trent Alexander-Arnold
3,3,False,False,1,307954,8,90,0,0,0,0,0.02,0.0,0.02,1.82,1,Gabriel dos Santos Magalhães
326,4,False,False,1,307954,8,90,0,0,0,0,0.0,0.0,0.0,0.99,1,Ibrahima Konaté
23,5,False,False,1,307954,8,63,0,0,0,1,0.0,0.01,0.01,0.8,3,Leandro Trossard
327,6,False,False,1,307954,8,24,0,0,0,0,0.07,0.01,0.08,0.36,1,Luis Díaz Marulanda
571,7,False,False,1,307954,8,72,0,0,0,0,0.27,0.9,1.17,0.97,1,Sávio Moreira de Oliveira
492,8,False,False,1,307954,8,90,1,0,2,0,0.17,0.06,0.23,0.78,9,Dejan Kulusevski
4,9,False,False,1,307954,8,90,0,0,0,0,0.04,0.02,0.06,1.82,2,Kai Havertz
447,10,False,False,1,307954,8,83,1,0,1,1,0.82,0.01,0.83,0.97,7,Chris Wood
268,11,False,False,1,307954,8,78,0,0,0,0,0.2,0.01,0.21,1.17,2,Liam Delap
310,12,False,False,1,307954,8,0,0,0,0,0,0.0,0.0,0.0,0.0,0,Alisson Becker
340,13,False,False,1,307954,8,0,0,0,0,0,0.0,0.0,0.0,0.0,0,Manuel Akanji
369,14,False,False,1,307954,8,90,0,0,0,0,0.17,0.01,0.18,0.86,1,Diogo Dalot Teixeira
345,15,False,False,1,307954,8,0,0,0,0,0,0.0,0.0,0.0,0.0,0,Kevin De Bruyne
15,1,False,False,1,318423,8,90,0,0,0,0,0.0,0.0,0.0,1.82,1,David Raya Martín
24,2,False,False,1,318423,8,90,0,0,0,0,0.0,0.01,0.01,1.82,0,Benjamin White
335,3,False,False,1,318423,8,90,0,0,0,0,0.0,0.01,0.01,0.99,2,Andrew Robertson
495,4,False,False,1,318423,8,90,0,0,0,0,0.11,0.15,0.26,0.78,2,Pedro Porro Sauceda
385,5,False,False,1,318423,8,90,0,1,1,0,0.07,0.35,0.42,0.86,6,Marcus Rashford
336,6,False,False,1,318423,8,90,0,0,0,0,0.22,0.02,0.24,0.99,1,Dominik Szoboszlai
494,7,False,False,1,318423,8,45,0,1,0,0,0.0,0.6,0.6,0.25,4,James Maddison
136,8,False,False,1,318423,8,30,0,0,0,0,0.21,0.01,0.22,0.93,1,Mitoma Kaoru
351,9,False,False,1,318423,8,90,0,0,0,0,0.0,0.02,0.02,0.97,2,Erling Haaland
38,10,False,False,1,318423,8,15,0,0,0,0,0.02,0.01,0.03,0.24,1,Jhon Durán
180,11,False,False,1,318423,8,90,1,0,1,0,0.33,0.0,0.33,1.94,6,Nicolas Jackson
235,12,False,False,1,318423,8,90,0,0,0,1,0.0,0.0,0.0,1.25,6,Jordan Pickford
6,13,False,False,1,318423,8,0,0,0,0,0,0.0,0.0,0.0,0.0,0,Jurriën Timber
398,14,False,False,1,318423,8,84,0,0,0,0,0.49,0.17,0.66,0.9,2,Anthony Gordon
88,15,False,False,1,318423,8,90,0,0,0,0,0.0,0.03,0.03,1.33,1,Nathan Collins
443,1,False,False,1,319681,8,90,0,0,3,1,0.0,0.0,0.0,1.12,11,Matz Sels
593,2,False,False,1,319681,8,90,0,0,0,0,0.0,0.01,0.01,0.86,2,Matthijs de Ligt
395,3,False,False,1,319681,8,90,0,0,0,0,0.0,0.0,0.0,1.12,1,Dan Burn
422,4,False,False,1,319681,8,90,0,0,0,1,0.0,0.04,0.04,1.12,6,Ola Aina
514,5,False,False,1,319681,8,90,0,0,0,0,0.01,0.06,0.07,1.92,2,Jarrod Bowen
19,6,False,False,1,319681,8,79,0,0,0,0,0.0,0.01,0.01,1.62,1,Emile Smith Rowe
230,7,False,False,1,319681,8,90,0,1,0,1,0.05,0.18,0.23,1.25,6,Dwight McNeil
99,8,False,False,1,319681,8,90,0,0,0,0,0.03,0.05,0.08,1.33,2,Bryan Mbeumo
316,9,False,False,1,319681,8,60,0,0,0,0,0.0,0.0,0.0,0.86,1,Darwin Núñez Ribeiro
58,10,False,False,1,319681,8,74,1,0,2,0,0.41,0.0,0.41,1.54,8,Ollie Watkins
541,11,False,False,1,319681,8,66,0,0,0,0,0.04,0.19,0.23,1.0,2,Matheus Santos Carneiro da Cunha
383,12,False,False,1,319681,8,90,0,0,0,0,0.0,0.19,0.19,0.86,2,André Onana
17,13,False,False,1,319681,8,0,0,0,0,0,0.0,0.0,0.0,0.0,0,Bukayo Saka
44,14,False,False,1,319681,8,0,0,0,0,0,0.0,0.0,0.0,0.0,0,Ezri Konsa Ngoyo
380,15,False,False,1,319681,8,90,0,0,0,0,0.02,0.02,0.04,0.86,2,Lisandro Martínez
293,1,False,False,1,295362,9,90,0,0,0,0,0.0,0.0,0.0,1.73,1,Mads Hermansen
350,2,False,False,1,295362,9,90,0,0,3,1,0.07,0.16,0.23,0.21,9,Joško Gvardiol
498,3,False,False,1,295362,9,90,0,0,0,0,0.01,0.02,0.03,0.83,2,Cristian Romero
361,4,False,False,1,295362,9,90,0,0,1,1,0.02,0.06,0.08,0.21,7,Rúben dos Santos Gato Alves Dias
255,5,False,False,1,295362,9,90,0,0,0,0,0.02,0.03,0.05,0.79,2,Antonee Robinson
9,6,False,False,1,295362,9,84,0,0,0,0,0.06,0.39,0.45,0.85,2,Gabriel Martinelli Silva
54,7,False,False,1,295362,9,56,0,0,0,0,0.08,0.08,0.16,0.18,1,Morgan Rogers
182,8,False,False,1,295362,9,90,1,0,3,0,0.05,0.26,0.31,1.92,10,Cole Palmer
401,9,False,False,1,295362,9,90,1,0,0,0,1.21,0.09,1.3,1.64,6,Alexander Isak
306,10,False,False,1,295362,9,90,1,0,2,0,0.54,0.07,0.61,1.73,8,Jamie Vardy
82,11,False,False,1,295362,9,90,0,0,0,0,0.02,0.01,0.03,0.83,2,Dominic Solanke-Mitchell
413,12,False,False,1,295362,9,90,0,0,0,0,0.0,0.0,0.0,1.64,2,Nick Pope
503,13,False,False,1,295362,9,0,0,0,0,0,0.0,0.0,0.0,0.0,0,Son Heung-min
578,14,False,False,1,295362,9,0,0,0,0,0,0.0,0.0,0.0,0.0,0,Riccardo Calafiori
317,15,False,False,1,295362,9,0,0,0,0,0,0.0,0.0,0.0,0.0,0,Diogo Teixeira da Silva
347,1,False,False,1,302714,9,90,0,0,0,1,0.0,0.0,0.0,0.21,6,Ederson Santana de Moraes
104,2,False,False,1,302714,9,90,0,0,0,0,0.0,0.2,0.2,1.3,1,Ethan Pinnock
355,3,False,False,1,302714,9,90,0,0,0,1,0.0,0.05,0.05,0.21,6,Rico Lewis
533,4,False,False,1,302714,9,90,1,0,0,0,0.06,0.01,0.07,1.31,6,Rayan Aït-Nouri
328,5,False,False,1,302714,9,90,1,0,3,0,0.38,0.08,0.46,1.03,10,Mohamed Salah
618,6,False,False,1,302714,9,79,0,1,0,1,0.19,0.23,0.42,0.83,5,Georginio Rutter
491,7,False,False,1,302714,9,90,0,0,0,0,0.27,0.05,0.32,0.83,1,Brennan Johnson
177,8,False,False,1,302714,9,66,0,0,0,0,0.08,0.18,0.26,1.55,1,Noni Madueke
148,9,False,False,1,302714,9,72,1,0,1,1,0.63,0.01,0.64,0.65,7,Danny Welbeck
252,10,False,False,1,302714,9,90,0,0,0,1,0.47,0.24,0.71,0.41,2,Raúl Jiménez Rodríguez
110,11,False,False,1,302714,9,90,1,1,1,0,1.44,0.02,1.46,1.3,10,Yoane Wissa
185,12,False,False,1,302714,9,90,0,0,0,0,0.0,0.0,0.0,1.92,1,Robert Lynch Sánchez
342,13,False,False,1,302714,9,90,0,0,0,1,0.0,0.07,0.07,0.21,3,Bernardo Mota Veiga de Carvalho e Silva
339,14,False,False,1,302714,9,90,1,0,0,0,0.25,0.03,0.28,1.03,7,Virgil van Dijk
18,15,False,False,1,302714,9,0,0,0,0,0,0.0,0.0,0.0,0.0,0,William Saliba
508,1,False,False,1,307954,9,90,0,0,0,0,0.0,0.0,0.0,0.83,3,Guglielmo Vicario
311,2,False,False,1,307954,9,90,0,0,0,0,0.05,0.24,0.29,1.03,1,Trent Alexander-Arnold
505,3,False,False,1,307954,9,90,0,0,0,0,0.0,0.06,0.06,0.83,2,Destiny Udogie
326,4,False,False,1,307954,9,90,0,0,0,0,0.0,0.02,0.02,1.03,1,Ibrahima Konaté
348,5,False,False,1,307954,9,90,0,0,0,1,0.18,0.72,0.9,0.21,3,Phil Foden
492,6,False,False,1,307954,9,61,0,0,0,0,0.1,0.02,0.12,0.75,1,Dejan Kulusevski
327,7,False,False,1,307954,9,62,0,1,0,0,0.0,0.39,0.39,0.8,5,Luis Díaz Marulanda
571,8,False,False,1,307954,9,90,0,0,3,1,0.07,0.87,0.94,0.21,6,Sávio Moreira de Oliveira
447,9,False,False,1,307954,9,80,2,0,3,0,0.35,0.01,0.36,0.76,13,Chris Wood
268,10,False,False,1,307954,9,17,1,0,0,0,0.16,0.0,0.16,0.76,5,Liam Delap
4,11,False,False,1,307954,9,90,0,0,0,0,0.17,0.47,0.64,0.85,2,Kai Havertz
310,12,False,False,1,307954,9,0,0,0,0,0,0.0,0.0,0.0,0.0,0,Alisson Becker
369,13,False,False,1,307954,9,90,0,0,0,0,0.38,0.15,0.53,2.98,1,Diogo Dalot Teixeira
3,14,False,False,1,307954,9,53,0,0,0,0,0.0,0.0,0.0,0.39,1,Gabriel dos Santos Magalhães
345,15,False,False,1,307954,9,0,0,0,0,0,0.0,0.0,0.0,0.0,0,Kevin De Bruyne
235,1,False,False,1,318423,9,90,0,0,0,0,0.0,0.01,0.01,1.26,2,Jordan Pickford
24,2,False,False,1,318423,9,90,0,1,0,0,0.0,0.01,0.01,0.85,4,Benjamin White
495,3,False,False,1,318423,9,90,0,0,0,0,0.03,0.11,0.14,0.83,2,Pedro Porro Sauceda
88,4,False,False,1,318423,9,90,0,0,0,0,0.49,0.01,0.5,1.3,1,Nathan Collins
385,5,False,False,1,318423,9,58,0,0,0,0,0.0,0.02,0.02,0.13,1,Marcus Rashford
136,6,False,False,1,318423,9,88,0,0,0,0,0.23,0.19,0.42,1.29,2,Mitoma Kaoru
392,7,False,False,1,318423,9,67,0,0,0,0,0.16,0.04,0.2,1.24,2,Harvey Barnes
494,8,False,False,1,318423,9,61,0,0,0,0,0.14,0.06,0.2,0.75,2,James Maddison
180,9,False,False,1,318423,9,77,1,0,3,0,0.56,0.04,0.6,1.92,9,Nicolas Jackson
351,10,False,False,1,318423,9,90,1,0,0,1,2.33,0.0,2.33,0.21,6,Erling Haaland
38,11,False,False,1,318423,9,33,0,0,0,0,0.29,0.0,0.29,0.12,1,Jhon Durán
15,12,False,False,1,318423,9,90,0,0,0,0,0.0,0.0,0.0,0.85,0,David Raya Martín
335,13,False,False,1,318423,9,62,0,0,0,0,0.0,0.0,0.0,0.8,1,Andrew Robertson
398,14,False,False,1,318423,9,0,0,0,0,0,0.0,0.0,0.0,0.0,0,Anthony Gordon
6,15,False,False,1,318423,9,75,0,0,0,0,0.0,0.02,0.02,0.54,2,Jurriën Timber
383,1,False,False,1,319681,9,90,0,0,0,0,0.0,0.0,0.0,2.98,1,André Onana
422,2,False,False,1,319681,9,90,0,0,0,0,0.0,0.02,0.02,0.76,2,Ola Aina
228,3,False,False,1,319681,9,90,0,0,0,0,0.04,0.0,0.04,1.26,2,Michael Keane
593,4,False,False,1,319681,9,90,0,0,0,0,0.0,0.01,0.01,2.98,0,Matthijs de Ligt
514,5,False,False,1,319681,9,90,1,0,0,0,0.92,0.23,1.15,2.12,7,Jarrod Bowen
99,6,False,False,1,319681,9,90,2,0,3,0,0.91,0.38,1.29,1.3,15,Bryan Mbeumo
19,7,False,False,1,319681,9,78,0,1,0,1,0.34,0.02,0.36,0.34,6,Emile Smith Rowe
230,8,False,False,1,319681,9,85,0,0,0,0,0.06,0.13,0.19,1.24,2,Dwight McNeil
316,9,False,False,1,319681,9,90,0,1,0,0,0.0,0.13,0.13,1.03,4,Darwin Núñez Ribeiro
541,10,False,False,1,319681,9,90,1,0,3,0,0.22,0.33,0.55,1.31,9,Matheus Santos Carneiro da Cunha
58,11,False,False,1,319681,9,81,0,0,0,1,0.35,0.23,0.58,0.2,2,Ollie Watkins
443,12,False,False,1,319681,9,90,0,1,0,0,0.0,0.0,0.0,0.76,5,Matz Sels
17,13,False,False,1,319681,9,84,1,0,2,0,0.23,0.01,0.24,0.85,9,Bukayo Saka
380,14,False,False,1,319681,9,90,0,0,0,0,0.0,0.01,0.01,2.98,1,Lisandro Martínez
395,15,False,False,1,319681,9,90,0,0,0,0,0.06,0.07,0.13,1.64,1,Dan Burn
293,1,False,False,1,295362,10,90,0,0,0,0,0.0,0.0,0.0,1.0,2,Mads Hermansen
36,2,False,False,1,295362,10,90,0,0,0,0,0.02,0.15,0.17,2.44,0,Lucas Digne
255,3,False,False,1,295362,10,90,0,1,1,0,0.0,0.33,0.33,0.59,6,Antonee Robinson
350,4,False,False,1,295362,10,90,1,0,0,0,0.13,0.02,0.15,2.04,7,Joško Gvardiol
503,5,False,False,1,295362,10,55,0,1,0,0,0.0,0.54,0.54,1.39,4,Son Heung-min
9,6,False,False,1,295362,10,60,0,0,0,0,0.0,0.06,0.06,0.44,2,Gabriel Martinelli Silva
54,7,False,False,1,295362,10,68,1,0,2,0,0.75,0.02,0.77,0.96,9,Morgan Rogers
182,8,False,False,1,295362,10,90,0,0,1,0,0.23,0.28,0.51,1.98,3,Cole Palmer
401,9,False,False,1,295362,10,90,1,0,3,1,0.29,0.04,0.33,1.05,9,Alexander Isak
306,10,False,False,1,295362,10,90,0,1,0,0,0.04,0.45,0.49,1.0,5,Jamie Vardy
82,11,False,False,1,295362,10,90,2,1,3,0,1.52,0.0,1.52,1.86,16,Dominic Solanke-Mitchell
413,12,False,False,1,295362,10,90,0,0,0,1,0.0,0.0,0.0,1.05,5,Nick Pope
361,13,False,False,1,295362,10,0,0,0,0,0,0.0,0.0,0.0,0.0,0,Rúben dos Santos Gato Alves Dias
578,14,False,False,1,295362,10,0,0,0,0,0,0.0,0.0,0.0,0.0,0,Riccardo Calafiori
317,15,False,False,1,295362,10,0,0,0,0,0,0.0,0.0,0.0,0.0,0,Diogo Teixeira da Silva
347,1,False,False,1,302714,10,90,0,0,0,0,0.0,0.0,0.0,2.04,2,Ederson Santana de Moraes
355,2,False,False,1,302714,10,17,0,0,0,0,0.0,0.07,0.07,0.1,1,Rico Lewis
533,3,False,False,1,302714,10,90,0,0,0,0,0.07,0.02,0.09,2.51,1,Rayan Aït-Nouri
340,4,False,False,1,302714,10,90,0,0,0,0,0.0,0.02,0.02,2.04,1,Manuel Akanji
618,5,False,False,1,302714,10,90,0,0,0,0,0.34,0.02,0.36,1.65,2,Georginio Rutter
328,6,False,False,1,302714,10,90,1,0,2,0,0.53,0.12,0.65,1.01,9,Mohamed Salah
342,7,False,False,1,302714,10,90,0,0,0,0,0.09,0.13,0.22,2.04,2,Bernardo Mota Veiga de Carvalho e Silva
177,8,False,False,1,302714,10,70,0,0,0,0,0.53,0.03,0.56,1.76,2,Noni Madueke
148,9,False,False,1,302714,10,90,0,1,0,0,0.26,0.02,0.28,1.65,5,Danny Welbeck
252,10,False,False,1,302714,10,72,0,0,0,0,0.08,0.01,0.09,0.18,2,Raúl Jiménez Rodríguez
110,11,False,False,1,302714,10,71,0,0,0,1,0.0,0.01,0.01,0.75,2,Yoane Wissa
185,12,False,False,1,302714,10,90,0,0,0,0,0.0,0.0,0.0,1.98,3,Robert Lynch Sánchez
491,13,False,False,1,302714,10,90,1,0,1,0,0.59,0.03,0.62,1.86,8,Brennan Johnson
18,14,False,False,1,302714,10,90,0,0,0,0,0.0,0.24,0.24,0.53,2,William Saliba
339,15,False,False,1,302714,10,90,0,1,0,0,0.0,0.01,0.01,1.01,5,Virgil van Dijk
325,1,False,False,1,307954,10,90,0,0,0,0,0.0,0.0,0.0,1.01,3,Caoimhín Kelleher
311,2,False,False,1,307954,10,90,0,0,0,0,0.0,0.1,0.1,1.01,2,Trent Alexander-Arnold
369,3,False,False,1,307954,10,90,0,0,0,0,0.0,0.01,0.01,1.11,1,Diogo Dalot Teixeira
326,4,False,False,1,307954,10,45,0,0,0,0,0.37,0.0,0.37,0.77,1,Ibrahima Konaté
348,5,False,False,1,307954,10,90,0,0,0,0,0.35,0.69,1.04,2.04,2,Phil Foden
492,6,False,False,1,307954,10,90,0,1,0,0,0.0,0.37,0.37,1.86,5,Dejan Kulusevski
327,7,False,False,1,307954,10,24,0,0,0,0,0.0,0.02,0.02,0.24,1,Luis Díaz Marulanda
366,8,False,False,1,307954,10,90,1,0,3,0,1.27,0.1,1.37,1.11,10,Bruno Borges Fernandes
447,9,False,False,1,307954,10,78,1,0,1,1,0.78,0.01,0.79,0.13,7,Chris Wood
268,10,False,False,1,307954,10,74,0,0,0,1,0.0,0.01,0.01,0.39,2,Liam Delap
4,11,False,False,1,307954,10,90,0,0,0,0,0.0,0.42,0.42,0.53,1,Kai Havertz
310,12,False,False,1,307954,10,0,0,0,0,0,0.0,0.0,0.0,0.0,0,Alisson Becker
505,13,False,False,1,307954,10,81,0,0,0,0,0.0,0.16,0.16,1.84,2,Destiny Udogie
3,14,False,False,1,307954,10,90,0,0,0,0,0.0,0.1,0.1,0.53,2,Gabriel dos Santos Magalhães
345,15,False,False,1,307954,10,0,0,0,0,0,0.0,0.0,0.0,0.0,0,Kevin De Bruyne
235,1,False,False,1,318423,10,90,0,0,0,0,0.0,0.01,0.01,0.74,2,Jordan Pickford
495,2,False,False,1,318423,10,90,0,0,0,0,0.04,0.02,0.06,1.86,1,Pedro Porro Sauceda
24,3,False,False,1,318423,10,19,0,0,0,0,0.0,0.03,0.03,0.04,1,Benjamin White
6,4,False,False,1,318423,10,70,0,0,0,0,0.04,0.11,0.15,0.48,1,Jurriën Timber
88,5,False,False,1,318423,10,90,0,0,0,0,0.0,0.0,0.0,1.37,1,Nathan Collins
385,6,False,False,1,318423,10,72,0,0,0,1,0.23,0.01,0.24,0.92,2,Marcus Rashford
356,7,False,False,1,318423,10,90,0,0,0,0,0.0,0.48,0.48,2.04,2,Matheus Nunes
494,8,False,False,1,318423,10,8,1,0,0,0,0.12,0.02,0.14,0.02,6,James Maddison
351,9,False,False,1,318423,10,90,0,0,0,0,0.88,0.02,0.9,2.04,2,Erling Haaland
38,10,False,False,1,318423,10,21,0,0,0,0,0.0,0.0,0.0,1.48,1,Jhon Durán
180,11,False,False,1,318423,10,90,0,0,0,0,0.08,0.05,0.13,1.98,1,Nicolas Jackson
15,12,False,False,1,318423,10,90,0,0,0,0,0.0,0.0,0.0,0.53,3,David Raya Martín
335,13,False,False,1,318423,10,0,0,0,0,0,0.0,0.0,0.0,0.0,0,Andrew Robertson
392,14,False,False,1,318423,10,5,0,0,0,0,0.0,0.41,0.41,0.33,1,Harvey Barnes
136,15,False,False,1,318423,10,86,0,0,0,0,0.11,0.2,0.31,1.65,2,Mitoma Kaoru
568,1,False,False,1,319681,10,90,0,0,0,0,0.0,0.0,0.0,1.55,2,Arijanet Muric
238,2,False,False,1,319681,10,90,0,0,0,0,0.0,0.04,0.04,0.74,2,Ashley Young
228,3,False,False,1,319681,10,90,0,0,0,0,0.1,0.0,0.1,0.74,1,Michael Keane
422,4,False,False,1,319681,10,88,1,0,3,1,0.07,0.03,0.1,0.13,15,Ola Aina
514,5,False,False,1,319681,10,90,0,0,0,0,0.04,0.06,0.1,2.17,2,Jarrod Bowen
99,6,False,False,1,319681,10,86,0,0,0,1,0.0,0.01,0.01,0.9,3,Bryan Mbeumo
19,7,False,False,1,319681,10,81,0,0,0,0,0.12,0.29,0.41,0.18,2,Emile Smith Rowe
230,8,False,False,1,319681,10,90,0,0,0,0,0.0,0.09,0.09,0.74,2,Dwight McNeil
17,9,False,False,1,319681,10,90,0,0,0,0,0.2,0.25,0.45,0.53,2,Bukayo Saka
541,10,False,False,1,319681,10,90,0,1,1,0,0.11,0.22,0.33,2.51,6,Matheus Santos Carneiro da Cunha
58,11,False,False,1,319681,10,90,0,0,0,0,0.46,0.0,0.46,2.44,2,Ollie Watkins
383,12,False,False,1,319681,10,90,0,0,0,0,0.0,0.0,0.0,1.11,2,André Onana
316,13,False,False,1,319681,10,76,0,0,0,0,0.07,0.03,0.1,0.89,2,Darwin Núñez Ribeiro
593,14,False,False,1,319681,10,90,0,0,0,0,0.0,0.0,0.0,1.11,2,Matthijs de Ligt
380,15,False,False,1,319681,10,90,0,0,0,0,0.0,0.0,0.0,1.11,1,Lisandro Martínez
508,1,False,False,1,295362,11,90,0,0,0,0,0.0,0.0,0.0,1.74,1,Guglielmo Vicario
350,2,False,False,1,295362,11,90,0,0,0,0,0.05,0.03,0.08,2.29,1,Joško Gvardiol
594,3,False,False,1,295362,11,90,0,0,2,1,0.02,0.23,0.25,0.77,8,Noussair Mazraoui
255,4,False,False,1,295362,11,90,0,0,0,1,0.06,0.05,0.11,1.52,6,Antonee Robinson
36,5,False,False,1,295362,11,73,0,0,0,0,0.23,0.15,0.38,1.35,2,Lucas Digne
503,6,False,False,1,295362,11,90,0,0,0,0,0.11,0.48,0.59,1.74,2,Son Heung-min
182,7,False,False,1,295362,11,90,0,0,0,0,0.15,0.01,0.16,0.99,2,Cole Palmer
9,8,False,False,1,295362,11,70,1,0,1,0,0.48,0.0,0.48,1.22,8,Gabriel Martinelli Silva
54,9,False,False,1,295362,11,90,0,0,0,0,0.19,0.03,0.22,2.02,1,Morgan Rogers
401,10,False,False,1,295362,11,90,1,1,2,0,0.55,0.24,0.79,0.63,11,Alexander Isak
82,11,False,False,1,295362,11,90,0,0,0,0,0.38,0.02,0.4,1.74,2,Dominic Solanke-Mitchell
413,12,False,False,1,295362,11,90,0,0,0,0,0.0,0.0,0.0,0.63,2,Nick Pope
306,13,False,False,1,295362,11,0,0,0,0,0,0.0,0.0,0.0,0.0,0,Jamie Vardy
578,14,False,False,1,295362,11,0,0,0,0,0,0.0,0.0,0.0,0.0,0,Riccardo Calafiori
317,15,False,False,1,295362,11,0,0,0,0,0,0.0,0.0,0.0,0.0,0,Diogo Teixeira da Silva
443,1,False,False,1,302714,11,90,0,0,0,0,0.0,0.0,0.0,1.7,2,Matz Sels
339,2,False,False,1,302714,11,90,0,0,0,1,0.0,0.02,0.02,1.38,6,Virgil van Dijk
533,3,False,False,1,302714,11,90,0,0,0,1,0.09,0.08,0.17,0.66,6,Rayan Aït-Nouri
70,4,False,False,1,302714,11,90,0,0,0,0,0.0,0.1,0.1,1.48,1,Milos Kerkez
83,5,False,False,1,302714,11,23,0,0,0,0,0.0,0.36,0.36,0.53,1,Marcus Tavernier
328,6,False,False,1,302714,11,90,1,1,3,1,0.78,0.28,1.06,1.38,14,Mohamed Salah
491,7,False,False,1,302714,11,83,0,0,0,0,0.77,0.02,0.79,1.72,2,Brennan Johnson
398,8,False,False,1,302714,11,79,0,0,0,0,0.23,0.39,0.62,0.6,2,Anthony Gordon
110,9,False,False,1,302714,11,90,2,0,3,0,0.6,0.02,0.62,2.61,13,Yoane Wissa
148,10,False,False,1,302714,11,90,0,0,0,0,0.3,0.01,0.31,2.22,2,Danny Welbeck
252,11,False,False,1,302714,11,74,0,1,0,1,0.13,0.18,0.31,1.48,5,Raúl Jiménez Rodríguez
347,12,False,False,1,302714,11,90,0,0,0,0,0.0,0.0,0.0,2.29,1,Ederson Santana de Moraes
618,13,False,False,1,302714,11,65,0,0,0,0,0.18,0.0,0.18,2.03,2,Georginio Rutter
355,14,False,False,1,302714,11,90,0,0,0,0,0.0,0.02,0.02,2.29,0,Rico Lewis
18,15,False,False,1,302714,11,90,0,0,0,0,0.0,0.26,0.26,1.28,2,William Saliba
325,1,False,False,1,307954,11,90,0,0,0,1,0.0,0.0,0.0,1.38,6,Caoimhín Kelleher
311,2,False,False,1,307954,11,24,0,0,0,0,0.0,0.03,0.03,0.15,1,Trent Alexander-Arnold
369,3,False,False,1,307954,11,56,0,0,0,0,0.0,0.01,0.01,0.73,1,Diogo Dalot Teixeira
326,4,False,False,1,307954,11,90,0,0,0,1,0.11,0.01,0.12,1.38,6,Ibrahima Konaté
372,5,False,False,1,307954,11,33,1,0,0,0,0.06,0.01,0.07,0.05,6,Alejandro Garnacho Ferreyra
492,6,False,False,1,307954,11,90,0,0,0,0,0.0,0.34,0.34,1.74,2,Dejan Kulusevski
327,7,False,False,1,307954,11,90,0,0,0,1,0.04,0.08,0.12,1.38,3,Luis Díaz Marulanda
366,8,False,False,1,307954,11,90,1,2,3,1,0.24,0.17,0.41,0.77,17,Bruno Borges Fernandes
447,9,False,False,1,307954,11,90,0,0,0,0,0.0,0.01,0.01,1.7,2,Chris Wood
268,10,False,False,1,307954,11,69,1,1,3,0,0.99,0.04,1.03,1.28,11,Liam Delap
4,11,False,False,1,307954,11,90,0,0,0,0,0.0,0.01,0.01,1.28,1,Kai Havertz
310,12,False,False,1,307954,11,0,0,0,0,0,0.0,0.0,0.0,0.0,0,Alisson Becker
505,13,False,False,1,307954,11,90,0,0,0,0,0.0,0.04,0.04,1.74,1,Destiny Udogie
3,14,False,False,1,307954,11,90,0,0,0,0,0.0,0.23,0.23,1.28,2,Gabriel dos Santos Magalhães
345,15,False,False,1,307954,11,16,0,0,0,0,0.03,0.01,0.04,0.83,1,Kevin De Bruyne
235,1,False,False,1,318423,11,90,0,0,3,1,0.0,0.0,0.0,0.83,11,Jordan Pickford
335,2,False,False,1,318423,11,90,0,0,2,1,0.0,0.26,0.26,1.38,8,Andrew Robertson
495,3,False,False,1,318423,11,90,0,1,0,0,0.0,0.17,0.17,1.74,4,Pedro Porro Sauceda
88,4,False,False,1,318423,11,90,0,0,0,0,0.0,0.29,0.29,2.61,1,Nathan Collins
6,5,False,False,1,318423,11,90,0,0,0,0,0.04,0.01,0.05,1.28,2,Jurriën Timber
385,6,False,False,1,318423,11,56,0,0,0,0,0.0,0.02,0.02,0.73,1,Marcus Rashford
356,7,False,False,1,318423,11,90,0,0,0,0,0.0,0.03,0.03,2.29,2,Matheus Nunes
494,8,False,False,1,318423,11,6,0,0,0,0,0.0,0.0,0.0,0.02,1,James Maddison
180,9,False,False,1,318423,11,87,0,0,0,0,0.06,0.06,0.12,0.99,2,Nicolas Jackson
351,10,False,False,1,318423,11,90,1,0,0,0,1.38,0.0,1.38,2.29,5,Erling Haaland
38,11,False,False,1,318423,11,25,0,0,0,0,0.0,0.0,0.0,0.84,1,Jhon Durán
15,12,False,False,1,318423,11,90,0,0,0,0,0.0,0.0,0.0,1.28,2,David Raya Martín
24,13,False,False,1,318423,11,90,0,0,0,0,0.02,0.18,0.2,1.28,1,Benjamin White
392,14,False,False,1,318423,11,10,1,0,1,0,0.27,0.0,0.27,0.04,7,Harvey Barnes
136,15,False,False,1,318423,11,89,0,0,0,0,0.22,0.27,0.49,2.06,2,Mitoma Kaoru
383,1,False,False,1,319681,11,90,0,0,2,1,0.0,0.0,0.0,0.77,9,André Onana
380,2,False,False,1,319681,11,90,0,0,0,1,0.0,0.01,0.01,0.77,6,Lisandro Martínez
593,3,False,False,1,319681,11,90,0,0,0,1,0.0,0.0,0.0,0.77,6,Matthijs de Ligt
422,4,False,False,1,319681,11,90,0,0,0,0,0.0,0.06,0.06,1.7,1,Ola Aina
514,5,False,False,1,319681,11,90,0,0,0,1,0.1,0.19,0.29,1.11,3,Jarrod Bowen
99,6,False,False,1,319681,11,90,0,1,0,0,0.09,0.25,0.34,2.17,5,Bryan Mbeumo
19,7,False,False,1,319681,11,88,1,0,3,1,0.18,0.05,0.23,1.5,11,Emile Smith Rowe
17,8,False,False,1,319681,11,80,0,0,0,0,0.03,0.01,0.04,1.24,2,Bukayo Saka
316,9,False,False,1,319681,11,64,1,0,1,1,1.0,0.02,1.02,1.16,7,Darwin Núñez Ribeiro
58,10,False,False,1,319681,11,64,0,0,0,0,0.36,0.01,0.37,1.18,2,Ollie Watkins
541,11,False,False,1,319681,11,89,1,1,3,1,0.06,0.42,0.48,0.48,12,Matheus Santos Carneiro da Cunha
568,12,False,False,1,319681,11,90,0,0,0,0,0.0,0.0,0.0,1.82,3,Arijanet Muric
230,13,False,False,1,319681,11,0,0,0,0,0,0.0,0.0,0.0,0.0,0,Dwight McNeil
399,14,False,False,1,319681,11,90,0,0,0,0,0.0,0.08,0.08,0.63,2,Lewis Hall
498,15,False,False,1,319681,11,90,0,0,0,0,0.05,0.09,0.14,1.74,1,Cristian Romero
185,1,False,False,1,295362,12,90,0,0,0,0,0.0,0.0,0.0,1.11,1,Robert Lynch Sánchez
594,2,False,False,1,295362,12,90,0,0,0,0,0.0,0.01,0.01,1.59,2,Noussair Mazraoui
255,3,False,False,1,295362,12,90,0,0,0,0,0.03,0.27,0.3,1.32,0,Antonee Robinson
36,4,False,False,1,295362,12,21,0,0,0,0,0.0,0.0,0.0,0.24,1,Lucas Digne
578,5,False,False,1,295362,12,66,0,0,0,1,0.0,0.01,0.01,0.16,6,Riccardo Calafiori
503,6,False,False,1,295362,12,62,0,1,0,1,0.02,0.16,0.18,1.43,6,Son Heung-min
182,7,False,False,1,295362,12,90,0,0,0,0,0.89,0.17,1.06,1.11,2,Cole Palmer
54,8,False,False,1,295362,12,81,0,0,0,0,0.18,0.05,0.23,1.23,2,Morgan Rogers
82,9,False,False,1,295362,12,90,0,1,0,1,0.12,0.05,0.17,2.14,5,Dominic Solanke-Mitchell
401,10,False,False,1,295362,12,90,0,0,0,0,0.71,0.03,0.74,0.91,2,Alexander Isak
617,11,False,False,1,295362,12,90,0,0,0,0,0.51,0.01,0.52,0.94,2,Francisco Evanilson de Lima Barbosa
413,12,False,False,1,295362,12,90,0,0,0,0,0.0,0.0,0.0,0.91,2,Nick Pope
560,13,False,False,1,295362,12,0,0,0,0,0,0.0,0.0,0.0,0.0,0,Pedro Lomba Neto
9,14,False,False,1,295362,12,0,0,0,0,0,0.0,0.0,0.0,0.0,0,Gabriel Martinelli Silva
350,15,False,False,1,295362,12,90,0,0,0,0,0.3,0.57,0.87,2.51,0,Joško Gvardiol
47,1,False,False,1,302714,12,90,0,0,0,0,0.0,0.0,0.0,1.26,2,Emiliano Martínez Romero
339,2,False,False,1,302714,12,90,0,0,0,0,0.0,0.03,0.03,1.28,1,Virgil van Dijk
533,3,False,False,1,302714,12,90,0,0,0,0,0.0,0.01,0.01,1.03,2,Rayan Aït-Nouri
409,4,False,False,1,302714,12,90,0,0,0,0,0.0,0.16,0.16,0.91,1,Tino Livramento
618,5,False,False,1,302714,12,63,0,1,0,1,0.2,0.01,0.21,0.73,5,Georginio Rutter
328,6,False,False,1,302714,12,90,2,0,2,0,1.86,0.16,2.02,1.28,13,Mohamed Salah
89,7,False,False,1,302714,12,71,0,0,0,1,0.05,0.16,0.21,0.67,3,Mikkel Damsgaard
398,8,False,False,1,302714,12,67,0,0,0,0,0.43,0.12,0.55,0.63,2,Anthony Gordon
110,9,False,False,1,302714,12,71,0,0,0,1,0.82,0.01,0.83,0.67,2,Yoane Wissa
148,10,False,False,1,302714,12,85,0,0,0,1,0.0,0.03,0.03,1.12,2,Danny Welbeck
252,11,False,False,1,302714,12,70,0,0,0,0,0.72,0.01,0.73,0.91,2,Raúl Jiménez Rodríguez
347,12,False,False,1,302714,12,90,0,0,0,0,0.0,0.0,0.0,2.51,1,Ederson Santana de Moraes
18,13,False,False,1,302714,12,90,0,0,1,1,0.0,0.02,0.02,0.33,7,William Saliba
491,14,False,False,1,302714,12,27,1,0,0,0,1.13,0.0,1.13,0.71,6,Brennan Johnson
355,15,False,False,1,302714,12,73,0,0,0,0,0.05,0.03,0.08,1.38,0,Rico Lewis
325,1,False,False,1,307954,12,90,0,0,0,0,0.0,0.0,0.0,1.28,7,Caoimhín Kelleher
163,2,False,False,1,307954,12,90,0,0,0,0,0.0,0.26,0.26,1.11,2,Marc Cucurella Saseta
326,3,False,False,1,307954,12,90,0,0,0,0,0.0,0.03,0.03,1.28,0,Ibrahima Konaté
369,4,False,False,1,307954,12,90,0,0,0,0,0.03,0.01,0.04,1.59,2,Diogo Dalot Teixeira
345,5,False,False,1,307954,12,16,0,0,0,0,0.04,0.15,0.19,1.13,0,Kevin De Bruyne
372,6,False,False,1,307954,12,85,0,0,0,0,0.22,0.02,0.24,1.4,2,Alejandro Garnacho Ferreyra
327,7,False,False,1,307954,12,28,0,0,0,0,0.15,0.08,0.23,0.05,1,Luis Díaz Marulanda
366,8,False,False,1,307954,12,90,0,0,0,0,0.17,0.31,0.48,1.59,2,Bruno Borges Fernandes
13,9,False,False,1,307954,12,81,0,1,0,1,0.26,0.15,0.41,0.27,6,Martin Ødegaard
268,10,False,False,1,307954,12,80,0,0,0,0,0.99,0.01,1.0,0.72,2,Liam Delap
447,11,False,False,1,307954,12,27,0,0,0,0,0.0,0.0,0.0,0.27,1,Chris Wood
310,12,False,False,1,307954,12,0,0,0,0,0,0.0,0.0,0.0,0.0,0,Alisson Becker
4,13,False,False,1,307954,12,0,0,0,0,0,0.0,0.0,0.0,0.0,0,Kai Havertz
3,14,False,False,1,307954,12,90,0,0,0,1,0.07,0.02,0.09,0.33,6,Gabriel dos Santos Magalhães
311,15,False,False,1,307954,12,0,0,0,0,0,0.0,0.0,0.0,0.0,0,Trent Alexander-Arnold
235,1,False,False,1,318423,12,90,0,0,0,1,0.0,0.0,0.0,1.1,6,Jordan Pickford
495,2,False,False,1,318423,12,90,1,0,2,1,0.31,0.01,0.32,2.14,14,Pedro Porro Sauceda
335,3,False,False,1,318423,12,90,0,0,0,0,0.0,0.15,0.15,1.28,1,Andrew Robertson
6,4,False,False,1,318423,12,87,0,0,0,1,0.05,0.05,0.1,0.27,6,Jurriën Timber
88,5,False,False,1,318423,12,90,0,0,0,1,0.0,0.0,0.0,1.2,6,Nathan Collins
385,6,False,False,1,318423,12,67,1,0,1,0,0.25,0.04,0.29,1.36,8,Marcus Rashford
392,7,False,False,1,318423,12,45,0,0,0,0,0.0,0.05,0.05,0.7,1,Harvey Barnes
494,8,False,False,1,318423,12,88,2,0,3,1,0.79,0.03,0.82,2.14,16,James Maddison
351,9,False,False,1,318423,12,90,0,0,0,0,0.82,0.03,0.85,2.51,2,Erling Haaland
38,10,False,False,1,318423,12,21,0,0,0,0,0.02,0.0,0.02,0.24,1,Jhon Durán
180,11,False,False,1,318423,12,90,1,1,3,1,0.44,0.15,0.59,0.32,12,Nicolas Jackson
15,12,False,False,1,318423,12,90,0,0,0,1,0.0,0.0,0.0,0.33,6,David Raya Martín
24,13,False,False,1,318423,12,0,0,0,0,0,0.0,0.0,0.0,0.0,0,Benjamin White
356,14,False,False,1,318423,12,0,0,0,0,0,0.0,0.0,0.0,0.0,0,Matheus Nunes
136,15,False,False,1,318423,12,90,1,0,2,0,0.42,0.03,0.45,1.63,9,Mitoma Kaoru
383,1,False,False,1,319681,12,90,0,0,0,0,0.0,0.0,0.0,1.59,3,André Onana
593,2,False,False,1,319681,12,90,0,0,0,0,0.0,0.0,0.0,1.59,2,Matthijs de Ligt
399,3,False,False,1,319681,12,90,0,0,0,0,0.1,0.23,0.33,0.91,1,Lewis Hall
422,4,False,False,1,319681,12,90,0,0,0,0,0.0,0.01,0.01,1.19,0,Ola Aina
17,5,False,False,1,319681,12,82,1,1,3,1,0.29,0.24,0.53,0.27,13,Bukayo Saka
514,6,False,False,1,319681,12,90,0,1,1,1,0.21,0.05,0.26,1.69,7,Jarrod Bowen
19,7,False,False,1,319681,12,58,0,0,0,0,0.0,0.02,0.02,0.76,1,Emile Smith Rowe
99,8,False,False,1,319681,12,90,0,0,0,1,0.0,0.12,0.12,1.2,3,Bryan Mbeumo
58,9,False,False,1,319681,12,90,1,0,1,0,1.3,0.02,1.32,1.26,7,Ollie Watkins
316,10,False,False,1,319681,12,89,0,0,0,0,0.15,0.02,0.17,1.23,2,Darwin Núñez Ribeiro
541,11,False,False,1,319681,12,90,2,1,3,0,0.77,0.05,0.82,0.97,16,Matheus Santos Carneiro da Cunha
248,12,False,False,1,319681,12,90,0,0,0,0,0.0,0.0,0.0,1.32,0,Bernd Leno
177,13,False,False,1,319681,12,84,0,0,0,1,0.47,0.05,0.52,0.32,3,Noni Madueke
380,14,False,False,1,319681,12,0,0,0,0,0,0.0,0.0,0.0,0.0,0,Lisandro Martínez
498,15,False,False,1,319681,12,0,0,0,0,0,0.0,0.0,0.0,0.0,0,Cristian Romero
413,1,False,False,1,295362,13,90,0,0,0,0,0.0,0.0,0.0,1.76,2,Nick Pope
594,2,False,False,1,295362,13,55,0,0,0,0,0.0,0.01,0.01,0.38,1,Noussair Mazraoui
578,3,False,False,1,295362,13,55,0,0,0,0,0.05,0.01,0.06,0.8,0,Riccardo Calafiori
144,4,False,False,1,295362,13,90,0,0,0,0,0.06,0.08,0.14,1.01,2,Jan Paul van Hecke
36,5,False,False,1,295362,13,90,0,0,0,0,0.0,0.03,0.03,1.61,1,Lucas Digne
503,6,False,False,1,295362,13,90,0,0,0,0,0.18,0.03,0.21,1.38,2,Son Heung-min
182,7,False,False,1,295362,13,85,1,1,3,1,0.33,0.08,0.41,0.73,14,Cole Palmer
54,8,False,False,1,295362,13,65,0,0,0,0,0.0,0.0,0.0,0.94,2,Morgan Rogers
560,9,False,False,1,295362,13,90,0,0,0,1,0.03,0.05,0.08,1.15,3,Pedro Lomba Neto
401,10,False,False,1,295362,13,21,0,0,0,0,0.0,0.0,0.0,0.0,1,Alexander Isak
617,11,False,False,1,295362,13,76,0,3,1,0,0.51,0.01,0.52,0.45,12,Francisco Evanilson de Lima Barbosa
185,12,False,False,1,295362,13,90,0,0,0,1,0.0,0.0,0.0,1.15,7,Robert Lynch Sánchez
9,13,False,False,1,295362,13,0,0,0,0,0,0.0,0.0,0.0,0.0,0,Gabriel Martinelli Silva
82,14,False,False,1,295362,13,0,0,0,0,0,0.0,0.0,0.0,0.0,0,Dominic Solanke-Mitchell
350,15,False,False,1,295362,13,0,0,0,0,0,0.0,0.0,0.0,0.0,0,Joško Gvardiol
146,1,False,False,1,302714,13,90,0,0,0,0,0.0,0.0,0.0,1.01,2,Bart Verbruggen
18,2,False,False,1,302714,13,90,0,0,0,0,0.0,0.01,0.01,1.54,1,William Saliba
574,3,False,False,1,302714,13,90,0,0,0,1,0.04,0.01,0.05,0.59,6,Nikola Milenković
409,4,False,False,1,302714,13,90,0,0,0,0,0.0,0.02,0.02,1.76,2,Tino Livramento
618,5,False,False,1,302714,13,87,0,0,0,0,0.43,0.01,0.44,1.01,2,Georginio Rutter
328,6,False,False,1,302714,13,83,1,1,2,1,1.26,0.52,1.78,0.77,13,Mohamed Salah
398,7,False,False,1,302714,13,74,0,1,0,1,0.0,0.02,0.02,1.6,5,Anthony Gordon
491,8,False,False,1,302714,13,90,1,0,3,0,0.31,0.01,0.32,1.38,10,Brennan Johnson
129,9,False,False,1,302714,13,71,0,0,0,0,0.1,0.04,0.14,0.96,2,João Pedro Junqueira de Jesus
110,10,False,False,1,302714,13,90,1,0,2,0,0.78,0.05,0.83,1.06,8,Yoane Wissa
148,11,False,False,1,302714,13,78,0,0,0,0,0.19,0.06,0.25,0.96,2,Danny Welbeck
347,12,False,False,1,302714,13,0,0,0,0,0,0.0,0.0,0.0,0.0,0,Ederson Santana de Moraes
89,13,False,False,1,302714,13,69,0,1,0,0,0.18,0.39,0.57,0.88,5,Mikkel Damsgaard
339,14,False,False,1,302714,13,90,0,0,0,1,0.35,0.02,0.37,0.82,6,Virgil van Dijk
355,15,False,False,1,302714,13,78,0,0,0,0,0.07,0.04,0.11,3.24,1,Rico Lewis
325,1,False,False,1,307954,13,90,0,0,0,1,0.0,0.0,0.0,0.82,7,Caoimhín Kelleher
436,2,False,False,1,307954,13,90,0,0,1,1,0.22,0.0,0.22,0.59,7,Murillo Costa dos Santos
505,3,False,False,1,307954,13,90,0,0,0,0,0.0,0.03,0.03,1.38,2,Destiny Udogie
369,4,False,False,1,307954,13,90,0,0,0,1,0.0,0.03,0.03,0.65,6,Diogo Dalot Teixeira
372,5,False,False,1,307954,13,24,0,0,0,0,0.06,0.04,0.1,0.21,1,Alejandro Garnacho Ferreyra
327,6,False,False,1,307954,13,90,0,1,0,1,0.0,0.11,0.11,0.77,6,Luis Díaz Marulanda
366,7,False,False,1,307954,13,65,0,2,0,1,0.03,0.18,0.21,0.45,9,Bruno Borges Fernandes
13,8,False,False,1,307954,13,73,1,0,1,0,0.82,0.33,1.15,0.8,8,Martin Ødegaard
345,9,False,False,1,307954,13,11,0,0,0,0,0.4,0.0,0.4,0.11,1,Kevin De Bruyne
447,10,False,False,1,307954,13,90,1,0,3,1,0.79,0.0,0.79,0.59,9,Chris Wood
268,11,False,False,1,307954,13,90,0,0,0,0,0.04,0.01,0.05,1.68,2,Liam Delap
310,12,False,False,1,307954,13,0,0,0,0,0,0.0,0.0,0.0,0.0,0,Alisson Becker
375,13,False,False,1,307954,13,0,0,0,0,0,0.0,0.0,0.0,0.0,0,Rasmus Højlund
326,14,False,False,1,307954,13,0,0,0,0,0,0.0,0.0,0.0,0.0,0,Ibrahima Konaté
311,15,False,False,1,307954,13,72,0,0,2,1,0.07,0.08,0.15,0.23,8,Trent Alexander-Arnold
235,1,False,False,1,318423,13,90,0,0,0,0,0.0,0.01,0.01,0.73,0,Jordan Pickford
335,2,False,False,1,318423,13,90,0,0,0,1,0.05,0.19,0.24,0.82,6,Andrew Robertson
495,3,False,False,1,318423,13,90,0,0,0,0,0.07,0.07,0.14,1.38,2,Pedro Porro Sauceda
88,4,False,False,1,318423,13,90,0,1,0,0,0.0,0.15,0.15,1.06,5,Nathan Collins
6,5,False,False,1,318423,13,90,0,0,0,0,0.1,0.01,0.11,1.54,1,Jurriën Timber
385,6,False,False,1,318423,13,90,2,0,1,1,0.44,0.02,0.46,0.65,14,Marcus Rashford
364,7,False,False,1,318423,13,90,0,2,2,1,0.14,0.09,0.23,0.65,11,Amad Diallo
494,8,False,False,1,318423,13,84,0,0,0,0,0.07,0.06,0.13,1.38,2,James Maddison
180,9,False,False,1,318423,13,70,1,0,0,1,0.36,0.01,0.37,0.68,6,Nicolas Jackson
351,10,False,False,1,318423,13,90,0,0,0,0,0.19,0.01,0.2,3.35,2,Erling Haaland
38,11,False,False,1,318423,13,24,0,0,0,0,0.42,0.0,0.42,0.67,1,Jhon Durán
15,12,False,False,1,318423,13,90,0,0,0,0,0.0,0.0,0.0,1.54,2,David Raya Martín
238,13,False,False,1,318423,13,72,0,0,0,0,0.0,0.0,0.0,0.73,-1,Ashley Young
392,14,False,False,1,318423,13,68,0,0,0,0,0.0,0.02,0.02,1.76,2,Harvey Barnes
136,15,False,False,1,318423,13,90,1,0,3,0,0.57,0.1,0.67,1.01,10,Mitoma Kaoru
383,1,False,False,1,319681,13,90,0,0,0,1,0.0,0.0,0.0,0.65,6,André Onana
380,2,False,False,1,319681,13,90,0,0,0,1,0.0,0.02,0.02,0.65,5,Lisandro Martínez
593,3,False,False,1,319681,13,55,0,0,0,0,0.0,0.0,0.0,0.38,1,Matthijs de Ligt
422,4,False,False,1,319681,13,90,0,0,2,1,0.0,0.01,0.01,0.59,8,Ola Aina
399,5,False,False,1,319681,13,90,0,0,0,0,0.0,0.04,0.04,1.76,2,Lewis Hall
514,6,False,False,1,319681,13,90,0,0,0,0,0.06,0.01,0.07,3.6,2,Jarrod Bowen
99,7,False,False,1,319681,13,90,0,0,0,0,0.0,0.08,0.08,1.06,2,Bryan Mbeumo
177,8,False,False,1,319681,13,19,0,1,0,0,0.07,0.01,0.08,0.47,3,Noni Madueke
17,9,False,False,1,319681,13,73,1,3,3,0,0.87,1.11,1.98,0.8,18,Bukayo Saka
58,10,False,False,1,319681,13,83,0,0,0,0,0.38,0.04,0.42,0.97,2,Ollie Watkins
541,11,False,False,1,319681,13,90,0,0,0,0,0.11,0.07,0.18,3.29,2,Matheus Santos Carneiro da Cunha
248,12,False,False,1,319681,13,90,0,0,0,0,0.0,0.0,0.0,0.65,2,Bernd Leno
19,13,False,False,1,319681,13,85,0,0,0,0,0.0,0.09,0.09,0.63,2,Emile Smith Rowe
316,14,False,False,1,319681,13,17,0,0,0,0,0.0,0.0,0.0,0.59,1,Darwin Núñez Ribeiro
498,15,False,False,1,319681,13,0,0,0,0,0,0.0,0.0,0.0,0.0,0,Cristian Romero
413,1,False,False,1,295362,14,90,0,0,0,0,0.0,0.0,0.0,1.99,0,Nick Pope
350,2,False,False,1,295362,14,90,0,0,0,1,0.56,0.02,0.58,1.04,6,Joško Gvardiol
594,3,False,False,1,295362,14,90,0,0,0,0,0.0,0.01,0.01,2.16,1,Noussair Mazraoui
211,4,False,False,1,295362,14,90,0,0,0,1,0.18,0.01,0.19,0.49,6,Daniel Muñoz Mejía
503,5,False,False,1,295362,14,33,0,0,0,0,0.04,0.12,0.16,2.21,1,Son Heung-min
71,6,False,False,1,295362,14,63,0,0,0,1,0.16,0.0,0.16,0.47,3,Justin Kluivert
182,7,False,False,1,295362,14,78,1,0,0,0,1.83,0.32,2.15,1.56,7,Cole Palmer
9,8,False,False,1,295362,14,70,0,0,0,1,0.17,0.0,0.17,0.14,3,Gabriel Martinelli Silva
54,9,False,False,1,295362,14,86,1,0,1,0,0.24,0.33,0.57,0.96,8,Morgan Rogers
82,10,False,False,1,295362,14,90,0,0,0,0,0.18,0.04,0.22,3.31,2,Dominic Solanke-Mitchell
617,11,False,False,1,295362,14,84,0,0,0,1,0.59,0.08,0.67,0.55,2,Francisco Evanilson de Lima Barbosa
185,12,False,False,1,295362,14,0,0,0,0,0,0.0,0.0,0.0,0.0,0,Robert Lynch Sánchez
578,13,False,False,1,295362,14,0,0,0,0,0,0.0,0.0,0.0,0.0,0,Riccardo Calafiori
401,14,False,False,1,295362,14,90,1,1,2,0,0.12,0.36,0.48,1.99,11,Alexander Isak
162,15,False,False,1,295362,14,0,0,0,0,0,0.0,0.0,0.0,0.0,0,Levi Samuels Colwill
146,1,False,False,1,302714,14,90,0,0,0,0,0.0,0.0,0.0,0.66,1,Bart Verbruggen
339,2,False,False,1,302714,14,90,0,0,0,0,0.0,0.01,0.01,2.09,1,Virgil van Dijk
163,3,False,False,1,302714,14,78,0,0,0,0,0.0,0.17,0.17,1.56,2,Marc Cucurella Saseta
18,4,False,False,1,302714,14,90,1,0,3,1,0.69,0.01,0.7,0.22,15,William Saliba
328,5,False,False,1,302714,14,90,2,1,3,0,0.68,0.24,0.92,2.09,18,Mohamed Salah
89,6,False,False,1,302714,14,90,1,0,2,0,0.3,0.09,0.39,2.43,9,Mikkel Damsgaard
491,7,False,False,1,302714,14,90,0,0,0,0,0.0,0.03,0.03,3.31,2,Brennan Johnson
398,8,False,False,1,302714,14,86,1,0,1,0,0.78,0.14,0.92,1.91,8,Anthony Gordon
618,9,False,False,1,302714,14,9,0,0,0,0,0.0,0.0,0.0,0.03,1,Georginio Rutter
110,10,False,False,1,302714,14,70,0,0,0,0,0.05,0.01,0.06,1.7,2,Yoane Wissa
566,11,False,False,1,302714,14,90,0,0,0,0,0.65,0.02,0.67,1.02,2,Jørgen Strand Larsen
347,12,False,False,1,302714,14,0,0,0,0,0,0.0,0.0,0.0,0.0,0,Ederson Santana de Moraes
3,13,False,False,1,302714,14,0,0,0,0,0,0.0,0.0,0.0,0.0,0,Gabriel dos Santos Magalhães
148,14,False,False,1,302714,14,0,0,0,0,0,0.0,0.0,0.0,0.0,0,Danny Welbeck
355,15,False,False,1,302714,14,16,0,0,0,0,0.0,0.0,0.0,0.1,1,Rico Lewis
325,1,False,False,1,307954,14,90,0,0,0,0,0.0,0.0,0.0,2.09,2,Caoimhín Kelleher
311,2,False,False,1,307954,14,23,0,2,0,0,0.0,0.36,0.36,0.85,6,Trent Alexander-Arnold
533,3,False,False,1,307954,14,90,0,0,0,0,0.0,0.06,0.06,1.02,0,Rayan Aït-Nouri
505,4,False,False,1,307954,14,90,0,0,0,0,0.0,0.04,0.04,3.31,2,Destiny Udogie
372,5,False,False,1,307954,14,58,0,0,0,0,0.0,0.01,0.01,0.62,1,Alejandro Garnacho Ferreyra
13,6,False,False,1,307954,14,89,0,0,0,1,0.12,0.32,0.44,0.22,3,Martin Ødegaard
327,7,False,False,1,307954,14,23,0,0,0,0,0.06,0.01,0.07,0.85,1,Luis Díaz Marulanda
366,8,False,False,1,307954,14,90,0,0,0,0,0.0,0.14,0.14,2.16,2,Bruno Borges Fernandes
447,9,False,False,1,307954,14,61,0,0,0,0,0.5,0.0,0.5,2.1,2,Chris Wood
268,10,False,False,1,307954,14,78,0,0,0,0,0.27,0.0,0.27,1.64,2,Liam Delap
375,11,False,False,1,307954,14,78,0,0,0,0,0.0,0.0,0.0,1.65,2,Rasmus Højlund
310,12,False,False,1,307954,14,0,0,0,0,0,0.0,0.0,0.0,0.0,0,Alisson Becker
345,13,False,False,1,307954,14,73,1,1,3,1,0.35,0.25,0.6,0.94,14,Kevin De Bruyne
369,14,False,False,1,307954,14,90,0,0,0,0,0.07,0.01,0.08,2.16,1,Diogo Dalot Teixeira
326,15,False,False,1,307954,14,0,0,0,0,0,0.0,0.0,0.0,0.0,0,Ibrahima Konaté
235,1,False,False,1,318423,14,90,0,0,0,1,0.0,0.01,0.01,0.78,6,Jordan Pickford
495,2,False,False,1,318423,14,28,0,0,0,0,0.06,0.0,0.06,2.16,1,Pedro Porro Sauceda
335,3,False,False,1,318423,14,90,0,0,0,0,0.0,0.07,0.07,2.09,1,Andrew Robertson
6,4,False,False,1,318423,14,90,1,0,2,1,0.16,0.06,0.22,0.22,14,Jurriën Timber
88,5,False,False,1,318423,14,90,0,0,0,0,0.0,0.02,0.02,2.43,0,Nathan Collins
385,6,False,False,1,318423,14,31,0,0,0,0,0.0,0.0,0.0,1.54,1,Marcus Rashford
364,7,False,False,1,318423,14,45,0,0,0,0,0.0,0.0,0.0,1.92,1,Amad Diallo
494,8,False,False,1,318423,14,79,0,0,0,0,0.19,0.22,0.41,2.09,2,James Maddison
136,9,False,False,1,318423,14,90,0,0,0,0,0.04,0.14,0.18,0.66,2,Mitoma Kaoru
351,10,False,False,1,318423,14,90,0,1,0,1,0.17,0.29,0.46,1.04,5,Erling Haaland
389,11,False,False,1,318423,14,31,0,0,0,0,0.0,0.0,0.0,1.54,1,Joshua Zirkzee
15,12,False,False,1,318423,14,90,0,0,0,1,0.0,0.0,0.0,0.22,6,David Raya Martín
180,13,False,False,1,318423,14,0,0,0,0,0,0.0,0.0,0.0,0.0,0,Nicolas Jackson
238,14,False,False,1,318423,14,90,1,0,3,1,0.05,0.02,0.07,0.78,15,Ashley Young
392,15,False,False,1,318423,14,16,0,0,0,0,0.0,0.0,0.0,0.64,1,Harvey Barnes
248,1,False,False,1,319681,14,90,0,0,0,0,0.0,0.0,0.0,1.34,2,Bernd Leno
422,2,False,False,1,319681,14,62,0,0,0,0,0.0,0.28,0.28,2.1,1,Ola Aina
593,3,False,False,1,319681,14,90,0,0,0,0,0.07,0.0,0.07,2.16,1,Matthijs de Ligt
200,4,False,False,1,319681,14,90,0,0,0,1,0.09,0.01,0.1,0.49,6,Marc Guéhi
19,5,False,False,1,319681,14,70,0,0,0,0,0.0,0.01,0.01,1.27,2,Emile Smith Rowe
514,6,False,False,1,319681,14,90,0,0,0,0,0.53,1.09,1.62,1.67,2,Jarrod Bowen
99,7,False,False,1,319681,14,90,0,0,0,0,0.0,0.21,0.21,2.43,2,Bryan Mbeumo
177,8,False,False,1,319681,14,71,1,1,3,0,1.18,0.15,1.33,1.56,13,Noni Madueke
17,9,False,False,1,319681,14,90,0,0,0,1,0.13,0.16,0.29,0.22,3,Bukayo Saka
58,10,False,False,1,319681,14,64,1,1,3,0,1.23,0.03,1.26,0.76,12,Ollie Watkins
541,11,False,False,1,319681,14,90,0,0,0,0,0.09,0.01,0.1,1.02,2,Matheus Santos Carneiro da Cunha
383,12,False,False,1,319681,14,90,0,0,0,0,0.0,0.0,0.0,2.16,2,André Onana
4,13,False,False,1,319681,14,90,0,0,0,1,0.25,0.02,0.27,0.22,2,Kai Havertz
399,14,False,False,1,319681,14,90,0,0,0,0,0.03,0.05,0.08,1.99,1,Lewis Hall
380,15,False,False,1,319681,14,0,0,0,0,0,0.0,0.0,0.0,0.0,0,Lisandro Martínez
185,1,False,False,1,295362,15,90,0,0,0,0,0.0,0.0,0.0,2.9,0,Robert Lynch Sánchez
594,2,False,False,1,295362,15,24,0,0,0,0,0.0,0.01,0.01,0.0,1,Noussair Mazraoui
350,3,False,False,1,295362,15,90,0,0,0,0,0.11,0.03,0.14,1.34,1,Joško Gvardiol
162,4,False,False,1,295362,15,90,0,0,0,0,0.19,0.01,0.2,2.9,1,Levi Samuels Colwill
78,5,False,False,1,295362,15,90,0,0,0,0,0.13,0.12,0.25,1.32,2,Antoine Semenyo
9,6,False,False,1,295362,15,30,0,0,0,0,0.0,0.01,0.01,0.12,0,Gabriel Martinelli Silva
54,7,False,False,1,295362,15,90,0,0,0,1,0.16,0.56,0.72,0.33,2,Morgan Rogers
182,8,False,False,1,295362,15,90,2,1,3,0,1.68,0.67,2.35,2.02,18,Cole Palmer
129,9,False,False,1,295362,15,70,0,0,0,1,0.27,0.01,0.28,0.32,2,João Pedro Junqueira de Jesus
401,10,False,False,1,295362,15,90,1,0,2,0,0.49,0.53,1.02,1.23,8,Alexander Isak
617,11,False,False,1,295362,15,73,0,0,0,0,0.15,0.0,0.15,1.13,2,Francisco Evanilson de Lima Barbosa
413,12,False,False,1,295362,15,90,0,0,0,0,0.0,0.0,0.0,1.23,1,Nick Pope
503,13,False,False,1,295362,15,90,1,0,0,0,1.08,0.47,1.55,2.83,7,Son Heung-min
322,14,False,False,1,295362,15,0,0,0,0,0,0.0,0.0,0.0,0.0,0,Joe Gomez
578,15,False,False,1,295362,15,0,0,0,0,0,0.0,0.0,0.0,0.0,0,Riccardo Calafiori
146,1,False,False,1,302714,15,90,0,0,0,0,0.0,0.0,0.0,1.31,1,Bart Verbruggen
18,2,False,False,1,302714,15,90,1,0,1,0,1.19,0.01,1.2,0.16,9,William Saliba
355,3,False,False,1,302714,15,83,1,0,0,0,0.15,0.03,0.18,1.23,4,Rico Lewis
85,4,False,False,1,302714,15,90,0,0,2,0,0.0,0.01,0.01,1.32,4,Illia Zabarnyi
491,5,False,False,1,302714,15,52,0,1,0,0,0.0,0.16,0.16,1.02,4,Brennan Johnson
247,6,False,False,1,302714,15,90,0,0,0,0,0.0,0.01,0.01,2.03,2,Alex Iwobi
89,7,False,False,1,302714,15,17,0,0,0,0,0.0,0.01,0.01,0.4,1,Mikkel Damsgaard
398,8,False,False,1,302714,15,30,0,0,0,0,0.06,0.05,0.11,0.88,1,Anthony Gordon
110,9,False,False,1,302714,15,86,1,0,1,0,0.16,0.03,0.19,1.25,7,Yoane Wissa
566,10,False,False,1,302714,15,61,0,0,0,0,0.0,0.0,0.0,0.87,2,Jørgen Strand Larsen
148,11,False,False,1,302714,15,20,0,0,0,0,0.27,0.01,0.28,1.0,1,Danny Welbeck
347,12,False,False,1,302714,15,0,0,0,0,0,0.0,0.0,0.0,0.0,0,Ederson Santana de Moraes
339,13,False,False,1,302714,15,0,0,0,0,0,0.0,0.0,0.0,0.0,0,Virgil van Dijk
3,14,False,False,1,302714,15,0,0,0,0,0,0.0,0.0,0.0,0.0,0,Gabriel dos Santos Magalhães
328,15,False,False,1,302714,15,0,0,0,0,0,0.0,0.0,0.0,0.0,0,Mohamed Salah
325,1,False,False,1,307954,15,0,0,0,0,0,0.0,0.0,0.0,0.0,0,Caoimhín Kelleher
505,2,False,False,1,307954,15,90,0,0,0,0,0.0,0.01,0.01,2.83,0,Destiny Udogie
361,3,False,False,1,307954,15,90,0,0,0,0,0.0,0.02,0.02,1.34,1,Rúben dos Santos Gato Alves Dias
369,4,False,False,1,307954,15,90,0,0,0,0,0.11,0.04,0.15,0.83,1,Diogo Dalot Teixeira
345,5,False,False,1,307954,15,85,0,0,0,0,0.02,0.63,0.65,1.23,2,Kevin De Bruyne
372,6,False,False,1,307954,15,58,0,1,0,0,0.21,0.02,0.23,0.83,4,Alejandro Garnacho Ferreyra
366,7,False,False,1,307954,15,75,1,0,2,0,0.23,0.13,0.36,0.83,9,Bruno Borges Fernandes
13,8,False,False,1,307954,15,78,0,0,0,0,0.0,0.18,0.18,0.16,2,Martin Ødegaard
447,9,False,False,1,307954,15,78,1,0,2,0,0.33,0.0,0.33,1.4,8,Chris Wood
375,10,False,False,1,307954,15,90,1,0,2,0,0.71,0.02,0.73,0.83,8,Rasmus Højlund
268,11,False,False,1,307954,15,80,0,0,0,1,0.37,0.3,0.67,1.86,1,Liam Delap
310,12,False,False,1,307954,15,0,0,0,0,0,0.0,0.0,0.0,0.0,0,Alisson Becker
327,13,False,False,1,307954,15,0,0,0,0,0,0.0,0.0,0.0,0.0,0,Luis Díaz Marulanda
326,14,False,False,1,307954,15,0,0,0,0,0,0.0,0.0,0.0,0.0,0,Ibrahima Konaté
311,15,False,False,1,307954,15,0,0,0,0,0,0.0,0.0,0.0,0.0,0,Trent Alexander-Arnold
15,1,False,False,1,318423,15,90,0,0,0,0,0.0,0.0,0.0,0.16,2,David Raya Martín
495,2,False,False,1,318423,15,90,0,1,0,0,0.06,0.18,0.24,2.83,3,Pedro Porro Sauceda
6,3,False,False,1,318423,15,90,0,0,0,0,0.0,0.03,0.03,0.16,2,Jurriën Timber
70,4,False,False,1,318423,15,90,0,0,0,0,0.0,0.12,0.12,1.32,2,Milos Kerkez
385,5,False,False,1,318423,15,31,0,0,0,0,0.03,0.07,0.1,0.0,1,Marcus Rashford
364,6,False,False,1,318423,15,90,0,1,0,0,0.34,0.07,0.41,0.83,5,Amad Diallo
494,7,False,False,1,318423,15,11,0,1,0,0,0.11,0.33,0.44,0.79,4,James Maddison
136,8,False,False,1,318423,15,88,0,0,0,0,0.14,0.18,0.32,0.68,2,Mitoma Kaoru
389,9,False,False,1,318423,15,14,0,0,0,0,0.0,0.01,0.01,0.0,1,Joshua Zirkzee
351,10,False,False,1,318423,15,90,1,0,1,0,0.69,0.12,0.81,1.34,7,Erling Haaland
180,11,False,False,1,318423,15,75,0,0,0,0,0.32,0.02,0.34,1.93,2,Nicolas Jackson
235,12,False,False,1,318423,15,0,0,0,0,0,0.0,0.0,0.0,0.0,0,Jordan Pickford
335,13,False,False,1,318423,15,0,0,0,0,0,0.0,0.0,0.0,0.0,0,Andrew Robertson
238,14,False,False,1,318423,15,0,0,0,0,0,0.0,0.0,0.0,0.0,0,Ashley Young
392,15,False,False,1,318423,15,72,1,0,0,0,0.17,0.3,0.47,0.57,7,Harvey Barnes
383,1,False,False,1,319681,15,90,0,0,0,0,0.0,0.0,0.0,0.83,1,André Onana
380,2,False,False,1,319681,15,90,0,0,0,0,0.09,0.03,0.12,0.83,1,Lisandro Martínez
593,3,False,False,1,319681,15,64,0,0,0,0,0.0,0.0,0.0,0.83,1,Matthijs de Ligt
422,4,False,False,1,319681,15,90,0,0,0,0,0.0,0.05,0.05,1.6,1,Ola Aina
514,5,False,False,1,319681,15,90,1,1,3,0,0.22,0.1,0.32,1.63,12,Jarrod Bowen
99,6,False,False,1,319681,15,90,1,1,3,0,0.38,0.36,0.74,1.48,13,Bryan Mbeumo
177,7,False,False,1,319681,15,4,0,0,0,0,0.0,0.0,0.0,0.97,1,Noni Madueke
17,8,False,False,1,319681,15,90,0,0,0,0,0.09,0.11,0.2,0.16,2,Bukayo Saka
4,9,False,False,1,319681,15,73,0,1,0,0,0.34,0.01,0.35,0.16,5,Kai Havertz
58,10,False,False,1,319681,15,32,0,0,0,0,0.37,0.41,0.78,0.1,1,Ollie Watkins
541,11,False,False,1,319681,15,90,0,0,0,0,0.04,0.25,0.29,1.01,1,Matheus Santos Carneiro da Cunha
248,12,False,False,1,319681,15,90,0,0,0,0,0.0,0.0,0.0,2.03,3,Bernd Leno
19,13,False,False,1,319681,15,59,0,0,0,0,0.0,0.0,0.0,1.68,1,Emile Smith Rowe
36,14,False,False,1,319681,15,31,0,0,0,0,0.0,0.21,0.21,0.1,1,Lucas Digne
399,15,False,False,1,319681,15,82,0,0,0,0,0.0,0.03,0.03,0.57,1,Lewis Hall
185,1,False,False,1,295362,16,90,0,0,0,0,0.0,0.0,0.0,1.61,3,Robert Lynch Sánchez
322,2,False,False,1,295362,16,90,0,0,0,0,0.03,0.02,0.05,1.22,1,Joe Gomez
144,3,False,False,1,295362,16,90,0,0,0,0,0.0,0.05,0.05,2.31,1,Jan Paul van Hecke
163,4,False,False,1,295362,16,90,1,0,0,0,0.12,0.02,0.14,1.61,5,Marc Cucurella Saseta
503,5,False,False,1,295362,16,45,1,2,2,0,0.37,0.3,0.67,0.54,14,Son Heung-min
54,6,False,False,1,295362,16,90,0,0,0,0,0.02,0.06,0.08,1.78,2,Morgan Rogers
182,7,False,False,1,295362,16,90,0,0,1,0,0.21,0.33,0.54,1.61,3,Cole Palmer
168,8,False,False,1,295362,16,90,0,1,0,0,0.11,0.08,0.19,1.61,5,Enzo Fernández
617,9,False,False,1,295362,16,79,0,0,0,1,0.13,0.31,0.44,1.25,2,Francisco Evanilson de Lima Barbosa
129,10,False,False,1,295362,16,90,0,0,0,0,0.1,0.18,0.28,2.31,2,João Pedro Junqueira de Jesus
401,11,False,False,1,295362,16,72,1,1,2,1,1.42,0.22,1.64,0.19,11,Alexander Isak
413,12,False,False,1,295362,16,0,0,0,0,0,0.0,0.0,0.0,0.0,0,Nick Pope
9,13,False,False,1,295362,16,73,0,0,0,1,0.12,0.1,0.22,0.09,3,Gabriel Martinelli Silva
350,14,False,False,1,295362,16,90,1,0,0,0,0.08,0.02,0.1,2.08,7,Joško Gvardiol
594,15,False,False,1,295362,16,77,0,0,0,0,0.0,0.01,0.01,0.95,2,Noussair Mazraoui
347,1,False,False,1,302714,16,90,0,0,0,0,0.0,0.0,0.0,2.08,1,Ederson Santana de Moraes
18,2,False,False,1,302714,16,90,0,0,0,1,0.0,0.04,0.04,0.09,6,William Saliba
339,3,False,False,1,302714,16,90,0,0,0,0,0.09,0.02,0.11,1.22,1,Virgil van Dijk
85,4,False,False,1,302714,16,90,0,0,0,0,0.12,0.0,0.12,2.18,2,Illia Zabarnyi
342,5,False,False,1,302714,16,90,0,0,0,0,0.0,0.0,0.0,2.08,2,Bernardo Mota Veiga de Carvalho e Silva
398,6,False,False,1,302714,16,80,0,1,0,1,0.09,0.41,0.5,0.19,6,Anthony Gordon
328,7,False,False,1,302714,16,90,0,1,0,0,0.22,0.37,0.59,1.22,5,Mohamed Salah
491,8,False,False,1,302714,16,45,0,0,0,0,0.43,0.0,0.43,0.3,0,Brennan Johnson
306,9,False,False,1,302714,16,58,0,0,0,0,0.06,0.0,0.06,3.28,1,Jamie Vardy
110,10,False,False,1,302714,16,75,0,0,0,0,0.0,0.01,0.01,2.03,2,Yoane Wissa
82,11,False,False,1,302714,16,81,0,1,0,1,0.28,0.0,0.28,0.83,5,Dominic Solanke-Mitchell
152,12,False,False,1,302714,16,90,0,0,0,0,0.0,0.0,0.0,2.18,2,Kepa Arrizabalaga Revuelta
3,13,False,False,1,302714,16,90,0,0,3,1,0.0,0.04,0.04,0.09,9,Gabriel dos Santos Magalhães
247,14,False,False,1,302714,16,90,0,0,0,0,0.08,0.06,0.14,2.13,2,Alex Iwobi
355,15,False,False,1,302714,16,0,0,0,0,0,0.0,0.0,0.0,0.0,0,Rico Lewis
310,1,False,False,1,307954,16,90,0,0,0,0,0.0,0.0,0.0,1.22,1,Alisson Becker
311,2,False,False,1,307954,16,78,0,0,0,0,0.0,0.08,0.08,1.16,1,Trent Alexander-Arnold
505,3,False,False,1,307954,16,27,0,0,0,0,0.0,0.01,0.01,0.13,1,Destiny Udogie
122,4,False,False,1,307954,16,90,0,0,0,0,0.02,0.2,0.22,2.31,1,Pervis Estupiñán Tenorio
13,5,False,False,1,307954,16,61,0,0,0,1,0.42,0.06,0.48,0.09,3,Martin Ødegaard
492,6,False,False,1,307954,16,90,1,0,0,1,0.37,0.09,0.46,0.84,8,Dejan Kulusevski
366,7,False,False,1,307954,16,90,1,0,2,0,1.24,0.13,1.37,0.95,9,Bruno Borges Fernandes
327,8,False,False,1,307954,16,90,0,0,0,0,0.64,0.04,0.68,1.22,1,Luis Díaz Marulanda
447,9,False,False,1,307954,16,90,0,0,0,0,0.07,0.01,0.08,0.42,2,Chris Wood
268,10,False,False,1,307954,16,83,0,0,0,0,0.33,0.47,0.8,0.9,1,Liam Delap
375,11,False,False,1,307954,16,77,0,0,0,0,0.0,0.2,0.2,0.95,1,Rasmus Højlund
325,12,False,False,1,307954,16,0,0,0,0,0,0.0,0.0,0.0,0.0,0,Caoimhín Kelleher
345,13,False,False,1,307954,16,67,0,1,0,1,0.06,0.03,0.09,0.21,6,Kevin De Bruyne
326,14,False,False,1,307954,16,0,0,0,0,0,0.0,0.0,0.0,0.0,0,Ibrahima Konaté
369,15,False,False,1,307954,16,90,0,0,0,0,0.0,0.02,0.02,0.95,2,Diogo Dalot Teixeira
15,1,False,False,1,318423,16,90,0,0,0,1,0.0,0.0,0.0,0.09,6,David Raya Martín
495,2,False,False,1,318423,16,62,0,0,0,1,0.0,0.01,0.01,0.71,6,Pedro Porro Sauceda
335,3,False,False,1,318423,16,16,0,0,0,0,0.0,0.0,0.0,0.11,-3,Andrew Robertson
6,4,False,False,1,318423,16,90,0,0,0,1,0.0,0.31,0.31,0.09,6,Jurriën Timber
70,5,False,False,1,318423,16,90,0,0,0,0,0.03,0.03,0.06,2.18,2,Milos Kerkez
392,6,False,False,1,318423,16,26,0,0,0,0,0.15,0.23,0.38,0.0,1,Harvey Barnes
364,7,False,False,1,318423,16,90,1,1,3,0,0.67,0.07,0.74,0.95,13,Amad Diallo
494,8,False,False,1,318423,16,76,2,0,3,1,0.65,0.04,0.69,0.8,15,James Maddison
136,9,False,False,1,318423,16,90,0,0,0,0,0.17,0.15,0.32,2.31,2,Mitoma Kaoru
351,10,False,False,1,318423,16,90,0,0,0,0,0.14,0.01,0.15,2.08,2,Erling Haaland
180,11,False,False,1,318423,16,82,1,0,3,1,1.13,0.0,1.13,1.07,9,Nicolas Jackson
235,12,False,False,1,318423,16,90,0,0,2,1,0.0,0.0,0.0,1.22,8,Jordan Pickford
385,13,False,False,1,318423,16,0,0,0,0,0,0.0,0.0,0.0,0.0,0,Marcus Rashford
38,14,False,False,1,318423,16,73,1,0,0,1,0.08,0.01,0.09,0.98,5,Jhon Durán
238,15,False,False,1,318423,16,90,0,0,0,1,0.0,0.0,0.0,1.22,5,Ashley Young
383,1,False,False,1,319681,16,90,0,0,0,0,0.0,0.0,0.0,0.95,2,André Onana
36,2,False,False,1,319681,16,90,0,0,0,0,0.0,0.04,0.04,1.54,2,Lucas Digne
422,3,False,False,1,319681,16,90,0,0,0,0,0.0,0.01,0.01,0.42,2,Ola Aina
399,4,False,False,1,319681,16,90,0,2,3,1,0.14,0.64,0.78,0.19,15,Lewis Hall
514,5,False,False,1,319681,16,90,0,0,0,0,0.26,0.25,0.51,1.91,2,Jarrod Bowen
99,6,False,False,1,319681,16,90,1,0,2,0,0.53,0.07,0.6,2.23,9,Bryan Mbeumo
177,7,False,False,1,319681,16,90,0,1,1,0,0.48,0.11,0.59,1.61,6,Noni Madueke
17,8,False,False,1,319681,16,90,0,0,0,1,0.33,0.56,0.89,0.09,3,Bukayo Saka
4,9,False,False,1,319681,16,90,0,0,0,1,0.06,0.09,0.15,0.09,2,Kai Havertz
58,10,False,False,1,319681,16,16,0,0,0,0,0.0,0.01,0.01,0.8,1,Ollie Watkins
541,11,False,False,1,319681,16,90,1,0,3,0,0.41,0.12,0.53,1.2,9,Matheus Santos Carneiro da Cunha
248,12,False,False,1,319681,16,90,0,0,0,0,0.0,0.0,0.0,2.13,1,Bernd Leno
19,13,False,False,1,319681,16,21,0,0,0,0,0.0,0.02,0.02,0.94,1,Emile Smith Rowe
380,14,False,False,1,319681,16,90,0,1,1,0,0.03,0.4,0.43,0.95,6,Lisandro Martínez
593,15,False,False,1,319681,16,78,0,0,0,0,0.03,0.01,0.04,0.95,2,Matthijs de Ligt
185,1,False,False,1,295362,17,90,0,0,2,1,0.0,0.0,0.0,1.03,9,Robert Lynch Sánchez
322,2,False,False,1,295362,17,90,0,0,0,0,0.0,0.01,0.01,1.25,1,Joe Gomez
415,3,False,False,1,295362,17,90,0,0,0,1,0.0,0.01,0.01,0.71,6,Fabian Schär
350,4,False,False,1,295362,17,90,0,0,0,0,0.35,0.02,0.37,1.67,0,Joško Gvardiol
162,5,False,False,1,295362,17,90,0,0,0,1,0.0,0.02,0.02,1.03,6,Levi Samuels Colwill
503,6,False,False,1,295362,17,81,0,0,0,0,0.03,0.09,0.12,4.25,2,Son Heung-min
9,7,False,False,1,295362,17,90,1,0,0,0,0.66,0.53,1.19,1.59,7,Gabriel Martinelli Silva
182,8,False,False,1,295362,17,90,0,0,0,1,0.08,0.33,0.41,1.03,3,Cole Palmer
168,9,False,False,1,295362,17,90,0,0,0,1,0.1,0.24,0.34,1.03,3,Enzo Fernández
129,10,False,False,1,295362,17,90,0,0,0,0,0.0,0.16,0.16,1.31,2,João Pedro Junqueira de Jesus
401,11,False,False,1,295362,17,72,3,0,3,1,1.53,0.2,1.73,0.63,17,Alexander Isak
413,12,False,False,1,295362,17,0,0,0,0,0,0.0,0.0,0.0,0.0,0,Nick Pope
594,13,False,False,1,295362,17,90,0,0,0,0,0.14,0.02,0.16,1.24,1,Noussair Mazraoui
54,14,False,False,1,295362,17,90,1,1,3,1,0.33,0.23,0.56,0.73,14,Morgan Rogers
617,15,False,False,1,295362,17,70,0,0,0,1,0.04,0.12,0.16,1.51,2,Francisco Evanilson de Lima Barbosa
396,1,False,False,1,302714,17,90,0,0,0,1,0.0,0.0,0.0,0.71,6,Martin Dúbravka
18,2,False,False,1,302714,17,90,0,0,0,0,0.0,0.01,0.01,1.59,2,William Saliba
3,3,False,False,1,302714,17,90,0,1,0,0,0.39,0.01,0.4,1.59,4,Gabriel dos Santos Magalhães
255,4,False,False,1,302714,17,90,0,0,0,1,0.0,0.11,0.11,0.26,6,Antonee Robinson
491,5,False,False,1,302714,17,32,0,1,0,0,0.13,0.26,0.39,1.34,4,Brennan Johnson
433,6,False,False,1,302714,17,74,0,0,0,1,0.0,0.05,0.05,0.72,2,Morgan Gibbs-White
398,7,False,False,1,302714,17,90,0,1,0,1,0.43,0.49,0.92,0.71,6,Anthony Gordon
328,8,False,False,1,302714,17,86,2,2,3,0,1.91,0.15,2.06,1.12,21,Mohamed Salah
247,9,False,False,1,302714,17,90,0,0,0,1,0.34,0.09,0.43,0.26,3,Alex Iwobi
306,10,False,False,1,302714,17,90,0,0,0,0,0.68,0.03,0.71,1.06,2,Jamie Vardy
110,11,False,False,1,302714,17,90,0,0,0,0,0.1,0.07,0.17,0.9,1,Yoane Wissa
347,12,False,False,1,302714,17,0,0,0,0,0,0.0,0.0,0.0,0.0,0,Ederson Santana de Moraes
339,13,False,False,1,302714,17,90,0,0,0,0,0.0,0.0,0.0,1.25,1,Virgil van Dijk
82,14,False,False,1,302714,17,90,1,1,0,0,0.47,0.17,0.64,4.6,9,Dominic Solanke-Mitchell
355,15,False,False,1,302714,17,90,0,0,0,0,0.0,0.06,0.06,1.67,0,Rico Lewis
310,1,False,False,1,307954,17,90,0,0,0,0,0.0,0.2,0.2,1.25,1,Alisson Becker
311,2,False,False,1,307954,17,90,0,1,0,0,0.01,0.57,0.58,1.25,4,Trent Alexander-Arnold
122,3,False,False,1,307954,17,90,0,0,0,0,0.0,0.18,0.18,1.31,1,Pervis Estupiñán Tenorio
369,4,False,False,1,307954,17,90,0,0,0,0,0.31,0.04,0.35,1.24,1,Diogo Dalot Teixeira
492,5,False,False,1,307954,17,90,1,0,0,0,0.4,0.06,0.46,4.6,7,Dejan Kulusevski
327,6,False,False,1,307954,17,86,2,0,1,0,0.86,0.14,1.0,1.12,13,Luis Díaz Marulanda
366,7,False,False,1,307954,17,90,0,0,0,0,0.46,0.4,0.86,1.24,2,Bruno Borges Fernandes
13,8,False,False,1,307954,17,90,0,0,0,0,0.09,0.23,0.32,1.59,2,Martin Ødegaard
375,9,False,False,1,307954,17,36,0,0,0,0,0.08,0.17,0.25,0.92,1,Rasmus Højlund
447,10,False,False,1,307954,17,90,0,0,0,1,0.3,0.01,0.31,0.72,2,Chris Wood
268,11,False,False,1,307954,17,0,0,0,0,0,0.0,0.0,0.0,0.0,0,Liam Delap
443,12,False,False,1,307954,17,90,0,0,0,1,0.0,0.0,0.0,0.72,7,Matz Sels
345,13,False,False,1,307954,17,0,0,0,0,0,0.0,0.0,0.0,0.0,0,Kevin De Bruyne
326,14,False,False,1,307954,17,0,0,0,0,0,0.0,0.0,0.0,0.0,0,Ibrahima Konaté
505,15,False,False,1,307954,17,0,0,0,0,0,0.0,0.0,0.0,0.0,0,Destiny Udogie
15,1,False,False,1,318423,17,90,0,0,0,0,0.0,0.0,0.0,1.59,3,David Raya Martín
238,2,False,False,1,318423,17,72,0,0,0,1,0.04,0.0,0.04,0.8,5,Ashley Young
495,3,False,False,1,318423,17,90,0,0,0,0,0.0,0.15,0.15,4.6,-1,Pedro Porro Sauceda
6,4,False,False,1,318423,17,85,0,0,0,0,0.0,0.02,0.02,1.55,1,Jurriën Timber
317,5,False,False,1,318423,17,22,0,0,0,0,0.15,0.02,0.17,0.9,1,Diogo Teixeira da Silva
364,6,False,False,1,318423,17,90,0,0,0,0,0.25,0.69,0.94,1.24,2,Amad Diallo
494,7,False,False,1,318423,17,57,1,0,0,0,0.13,0.03,0.16,3.26,6,James Maddison
136,8,False,False,1,318423,17,84,0,0,0,0,0.08,0.02,0.1,0.77,2,Mitoma Kaoru
351,9,False,False,1,318423,17,90,0,0,0,0,0.11,0.04,0.15,1.67,2,Erling Haaland
38,10,False,False,1,318423,17,79,1,0,1,1,0.94,0.0,0.94,0.61,7,Jhon Durán
180,11,False,False,1,318423,17,75,0,0,0,1,0.25,0.02,0.27,0.71,2,Nicolas Jackson
235,12,False,False,1,318423,17,90,0,0,1,1,0.0,0.0,0.0,0.86,7,Jordan Pickford
385,13,False,False,1,318423,17,0,0,0,0,0,0.0,0.0,0.0,0.0,0,Marcus Rashford
70,14,False,False,1,318423,17,90,0,0,0,1,0.06,0.01,0.07,2.26,6,Milos Kerkez
335,15,False,False,1,318423,17,90,0,0,0,0,0.0,0.13,0.13,1.25,1,Andrew Robertson
248,1,False,False,1,319681,17,90,0,0,0,1,0.0,0.0,0.0,0.26,6,Bernd Leno
422,2,False,False,1,319681,17,90,1,0,3,1,0.21,0.01,0.22,0.72,15,Ola Aina
399,3,False,False,1,319681,17,90,0,0,1,1,0.0,0.04,0.04,0.71,7,Lewis Hall
380,4,False,False,1,319681,17,90,0,0,0,0,0.15,0.1,0.25,1.24,1,Lisandro Martínez
17,5,False,False,1,319681,17,23,0,0,0,0,0.0,0.0,0.0,0.74,1,Bukayo Saka
514,6,False,False,1,319681,17,90,0,1,1,0,0.56,0.03,0.59,0.94,6,Jarrod Bowen
177,7,False,False,1,319681,17,14,0,0,0,0,0.0,0.0,0.0,0.32,1,Noni Madueke
99,8,False,False,1,319681,17,90,0,0,0,0,0.07,0.51,0.58,0.9,2,Bryan Mbeumo
58,9,False,False,1,319681,17,10,0,0,0,0,0.09,0.0,0.09,0.42,1,Ollie Watkins
4,10,False,False,1,319681,17,57,1,0,1,0,0.88,0.01,0.89,1.53,6,Kai Havertz
541,11,False,False,1,319681,17,90,1,0,3,1,0.14,0.31,0.45,0.81,9,Matheus Santos Carneiro da Cunha
383,12,False,False,1,319681,17,90,0,0,0,0,0.0,0.0,0.0,1.24,1,André Onana
19,13,False,False,1,319681,17,0,0,0,0,0,0.0,0.0,0.0,0.0,0,Emile Smith Rowe
593,14,False,False,1,319681,17,0,0,0,0,0,0.0,0.0,0.0,0.0,0,Matthijs de Ligt
36,15,False,False,1,319681,17,90,0,0,0,0,0.0,0.04,0.04,1.03,2,Lucas Digne
185,1,False,False,1,295362,18,90,0,0,0,0,0.0,0.0,0.0,1.78,2,Robert Lynch Sánchez
415,2,False,False,1,295362,18,90,0,0,0,1,0.1,0.09,0.19,0.34,6,Fabian Schär
162,3,False,False,1,295362,18,90,0,1,0,0,0.0,0.02,0.02,1.78,4,Levi Samuels Colwill
322,4,False,False,1,295362,18,90,0,0,0,0,0.0,0.05,0.05,0.34,1,Joe Gomez
54,5,False,False,1,295362,18,68,0,0,0,0,0.0,0.0,0.0,2.49,2,Morgan Rogers
503,6,False,False,1,295362,18,80,0,0,0,0,0.2,0.08,0.28,1.09,2,Son Heung-min
182,7,False,False,1,295362,18,90,1,0,3,0,0.28,0.2,0.48,1.78,10,Cole Palmer
168,8,False,False,1,295362,18,90,0,0,0,0,0.07,0.18,0.25,1.78,2,Enzo Fernández
9,9,False,False,1,295362,18,90,0,0,0,1,0.0,0.07,0.07,0.16,3,Gabriel Martinelli Silva
401,10,False,False,1,295362,18,90,1,0,2,1,0.93,0.11,1.04,0.34,8,Alexander Isak
617,11,False,False,1,295362,18,28,0,0,0,0,0.1,0.0,0.1,0.2,1,Francisco Evanilson de Lima Barbosa
413,12,False,False,1,295362,18,0,0,0,0,0,0.0,0.0,0.0,0.0,0,Nick Pope
129,13,False,False,1,295362,18,90,0,0,0,1,0.12,0.08,0.2,0.93,2,João Pedro Junqueira de Jesus
594,14,False,False,1,295362,18,90,0,0,0,0,0.02,0.03,0.05,0.86,1,Noussair Mazraoui
350,15,False,False,1,295362,18,90,0,0,0,0,0.67,0.06,0.73,0.63,2,Joško Gvardiol
358,1,False,False,1,302714,18,90,0,0,0,0,0.0,0.0,0.0,0.63,2,Stefan Ortega Moreno
18,2,False,False,1,302714,18,90,0,0,1,1,0.0,0.02,0.02,0.16,7,William Saliba
3,3,False,False,1,302714,18,90,0,0,0,1,0.27,0.05,0.32,0.16,6,Gabriel dos Santos Magalhães
339,4,False,False,1,302714,18,90,0,0,0,0,0.0,0.03,0.03,0.34,2,Virgil van Dijk
355,5,False,False,1,302714,18,90,0,0,0,0,0.05,0.08,0.13,0.63,2,Rico Lewis
585,6,False,False,1,302714,18,90,0,0,0,1,0.03,0.01,0.04,1.47,3,Ismaïla Sarr
491,7,False,False,1,302714,18,90,0,0,0,0,0.39,0.05,0.44,1.12,2,Brennan Johnson
398,8,False,False,1,302714,18,77,1,0,2,1,0.11,0.18,0.29,0.16,10,Anthony Gordon
328,9,False,False,1,302714,18,90,1,0,2,0,0.63,0.4,1.03,0.34,9,Mohamed Salah
82,10,False,False,1,302714,18,90,0,0,0,0,0.12,0.07,0.19,1.12,2,Dominic Solanke-Mitchell
110,11,False,False,1,302714,18,90,0,0,0,1,0.31,0.01,0.32,1.29,2,Yoane Wissa
152,12,False,False,1,302714,18,90,0,0,1,1,0.0,0.0,0.0,0.45,8,Kepa Arrizabalaga Revuelta
433,13,False,False,1,302714,18,81,0,1,0,1,0.15,0.3,0.45,0.87,6,Morgan Gibbs-White
306,14,False,False,1,302714,18,0,0,0,0,0,0.0,0.0,0.0,0.0,0,Jamie Vardy
255,15,False,False,1,302714,18,90,0,0,0,0,0.21,0.14,0.35,1.12,1,Antonee Robinson
310,1,False,False,1,307954,18,90,0,0,0,0,0.0,0.0,0.0,0.34,2,Alisson Becker
311,2,False,False,1,307954,18,90,0,0,0,0,0.1,0.46,0.56,0.34,2,Trent Alexander-Arnold
163,3,False,False,1,307954,18,90,0,0,0,0,0.19,0.02,0.21,1.78,1,Marc Cucurella Saseta
369,4,False,False,1,307954,18,90,0,0,0,0,0.07,0.07,0.14,0.86,1,Diogo Dalot Teixeira
122,5,False,False,1,307954,18,90,0,0,0,1,0.0,0.03,0.03,0.93,6,Pervis Estupiñán Tenorio
345,6,False,False,1,307954,18,15,0,0,0,0,0.0,0.13,0.13,0.12,1,Kevin De Bruyne
492,7,False,False,1,307954,18,90,0,0,0,0,0.02,0.09,0.11,1.12,2,Dejan Kulusevski
366,8,False,False,1,307954,18,46,0,0,0,0,0.05,0.04,0.09,0.23,-2,Bruno Borges Fernandes
13,9,False,False,1,307954,18,90,0,0,0,1,0.25,0.13,0.38,0.16,3,Martin Ødegaard
2,10,False,False,1,307954,18,71,0,0,0,1,0.0,0.1,0.1,0.02,2,Gabriel Fernando de Jesus
447,11,False,False,1,307954,18,86,0,0,0,1,0.0,0.02,0.02,0.87,2,Chris Wood
443,12,False,False,1,307954,18,90,0,0,1,1,0.0,0.0,0.0,0.9,8,Matz Sels
327,13,False,False,1,307954,18,0,0,0,0,0,0.0,0.0,0.0,0.0,0,Luis Díaz Marulanda
268,14,False,False,1,307954,18,79,0,0,0,0,0.0,0.0,0.0,1.94,2,Liam Delap
326,15,False,False,1,307954,18,0,0,0,0,0,0.0,0.0,0.0,0.0,0,Ibrahima Konaté
15,1,False,False,1,318423,18,90,0,0,0,1,0.0,0.0,0.0,0.16,6,David Raya Martín
70,2,False,False,1,318423,18,90,0,0,0,1,0.07,0.08,0.15,0.45,6,Milos Kerkez
187,3,False,False,1,318423,18,90,0,0,0,0,0.0,0.01,0.01,1.78,1,Tosin Adarabioyo
6,4,False,False,1,318423,18,90,0,0,3,1,0.04,0.04,0.08,0.16,9,Jurriën Timber
23,5,False,False,1,318423,18,90,0,1,0,1,0.15,0.5,0.65,0.16,6,Leandro Trossard
364,6,False,False,1,318423,18,78,0,0,0,0,0.05,0.01,0.06,0.31,2,Amad Diallo
494,7,False,False,1,318423,18,26,0,0,0,0,0.09,0.03,0.12,0.31,0,James Maddison
136,8,False,False,1,318423,18,66,0,0,0,1,0.06,0.21,0.27,0.57,3,Mitoma Kaoru
351,9,False,False,1,318423,18,90,0,0,0,0,0.82,0.05,0.87,0.63,0,Erling Haaland
38,10,False,False,1,318423,18,31,0,0,0,0,0.0,0.0,0.0,0.29,-2,Jhon Durán
180,11,False,False,1,318423,18,72,0,0,0,1,0.07,0.13,0.2,0.63,2,Nicolas Jackson
235,12,False,False,1,318423,18,90,0,0,1,0,0.0,0.0,0.0,2.09,9,Jordan Pickford
317,13,False,False,1,318423,18,12,0,0,0,0,0.0,0.02,0.02,0.0,1,Diogo Teixeira da Silva
238,14,False,False,1,318423,18,0,0,0,0,0,0.0,0.0,0.0,0.0,0,Ashley Young
335,15,False,False,1,318423,18,85,0,0,0,0,0.04,0.25,0.29,0.34,1,Andrew Robertson
383,1,False,False,1,319681,18,90,0,0,0,0,0.0,0.0,0.0,0.86,1,André Onana
399,2,False,False,1,319681,18,90,0,0,0,1,0.0,0.59,0.59,0.34,6,Lewis Hall
422,3,False,False,1,319681,18,90,0,0,0,1,0.24,0.01,0.25,0.9,6,Ola Aina
380,4,False,False,1,319681,18,90,0,0,0,0,0.05,0.02,0.07,0.86,1,Lisandro Martínez
36,5,False,False,1,319681,18,90,0,0,0,0,0.05,0.33,0.38,2.76,1,Lucas Digne
514,6,False,False,1,319681,18,90,1,0,0,1,0.88,0.06,0.94,1.4,8,Jarrod Bowen
71,7,False,False,1,319681,18,71,0,0,0,1,0.11,0.05,0.16,0.4,2,Justin Kluivert
99,8,False,False,1,319681,18,90,0,0,0,1,0.03,0.07,0.1,1.29,3,Bryan Mbeumo
58,9,False,False,1,319681,18,45,0,0,0,0,0.0,0.0,0.0,1.96,1,Ollie Watkins
4,10,False,False,1,319681,18,90,1,0,2,1,1.08,0.08,1.16,0.16,7,Kai Havertz
541,11,False,False,1,319681,18,90,1,1,3,1,0.04,0.37,0.41,0.44,12,Matheus Santos Carneiro da Cunha
248,12,False,False,1,319681,18,90,0,0,0,0,0.0,0.0,0.0,1.12,4,Bernd Leno
17,13,False,False,1,319681,18,0,0,0,0,0,0.0,0.0,0.0,0.0,0,Bukayo Saka
593,14,False,False,1,319681,18,0,0,0,0,0,0.0,0.0,0.0,0.0,0,Matthijs de Ligt
177,15,False,False,1,319681,18,0,0,0,0,0,0.0,0.0,0.0,0.0,0,Noni Madueke
185,1,False,False,1,295362,19,0,0,0,0,0,0.0,0.0,0.0,0.0,0,Robert Lynch Sánchez
350,2,False,False,1,295362,19,90,0,0,0,1,0.0,0.04,0.04,1.3,6,Joško Gvardiol
162,3,False,False,1,295362,19,90,0,0,0,0,0.0,0.13,0.13,1.58,0,Levi Samuels Colwill
322,4,False,False,1,295362,19,36,0,0,0,0,0.0,0.0,0.0,0.06,1,Joe Gomez
54,5,False,False,1,295362,19,90,1,1,2,0,0.12,0.17,0.29,1.13,11,Morgan Rogers
503,6,False,False,1,295362,19,63,0,0,0,0,0.86,0.02,0.88,0.28,0,Son Heung-min
182,7,False,False,1,295362,19,90,0,0,0,0,0.21,0.53,0.74,1.58,2,Cole Palmer
168,8,False,False,1,295362,19,90,0,0,0,0,0.25,0.68,0.93,1.58,1,Enzo Fernández
9,9,False,False,1,295362,19,90,1,0,2,0,0.4,0.12,0.52,0.29,9,Gabriel Martinelli Silva
401,10,False,False,1,295362,19,90,1,0,1,1,0.83,0.06,0.89,0.9,7,Alexander Isak
129,11,False,False,1,295362,19,90,0,2,1,0,0.18,0.12,0.3,1.78,9,João Pedro Junqueira de Jesus
413,12,False,False,1,295362,19,0,0,0,0,0,0.0,0.0,0.0,0.0,0,Nick Pope
415,13,False,False,1,295362,19,90,0,0,0,1,0.02,0.02,0.04,0.9,5,Fabian Schär
617,14,False,False,1,295362,19,81,1,0,2,0,0.28,0.0,0.28,1.11,8,Francisco Evanilson de Lima Barbosa
594,15,False,False,1,295362,19,90,0,0,0,0,0.02,0.01,0.03,1.92,1,Noussair Mazraoui
201,1,False,False,1,302714,19,90,0,0,0,0,0.0,0.01,0.01,0.94,2,Dean Henderson
18,2,False,False,1,302714,19,90,0,0,0,0,0.0,0.08,0.08,0.29,2,William Saliba
3,3,False,False,1,302714,19,90,0,0,0,0,0.0,0.31,0.31,0.29,2,Gabriel dos Santos Magalhães
339,4,False,False,1,302714,19,90,0,0,0,1,0.08,0.01,0.09,0.36,6,Virgil van Dijk
433,5,False,False,1,302714,19,75,1,0,2,1,0.3,0.53,0.83,0.62,10,Morgan Gibbs-White
585,6,False,False,1,302714,19,90,0,0,0,0,0.35,0.6,0.95,0.94,2,Ismaïla Sarr
491,7,False,False,1,302714,19,63,1,0,2,0,0.15,0.02,0.17,0.28,9,Brennan Johnson
398,8,False,False,1,302714,19,84,0,1,0,1,0.15,0.31,0.46,0.9,6,Anthony Gordon
328,9,False,False,1,302714,19,90,1,2,2,1,1.78,0.28,2.06,0.36,16,Mohamed Salah
207,10,False,False,1,302714,19,90,0,0,0,0,0.31,0.12,0.43,0.94,2,Jean-Philippe Mateta
82,11,False,False,1,302714,19,90,0,0,0,0,0.16,0.02,0.18,0.72,2,Dominic Solanke-Mitchell
358,12,False,False,1,302714,19,90,0,0,0,1,0.0,0.0,0.0,1.3,6,Stefan Ortega Moreno
355,13,False,False,1,302714,19,90,0,0,0,1,0.0,0.02,0.02,1.3,6,Rico Lewis
110,14,False,False,1,302714,19,74,0,0,0,0,0.14,0.01,0.15,1.95,2,Yoane Wissa
255,15,False,False,1,302714,19,90,0,1,0,0,0.0,0.22,0.22,1.98,4,Antonee Robinson
443,1,False,False,1,307954,19,90,0,0,0,1,0.0,0.0,0.0,0.89,6,Matz Sels
311,2,False,False,1,307954,19,90,1,0,3,1,0.02,0.11,0.13,0.36,15,Trent Alexander-Arnold
163,3,False,False,1,307954,19,90,0,0,0,0,0.07,0.18,0.25,1.58,1,Marc Cucurella Saseta
578,4,False,False,1,307954,19,77,0,0,0,0,0.02,0.1,0.12,0.29,1,Riccardo Calafiori
13,5,False,False,1,307954,19,87,0,0,0,0,0.03,0.18,0.21,0.29,2,Martin Ødegaard
345,6,False,False,1,307954,19,90,0,0,0,1,0.08,0.14,0.22,1.3,3,Kevin De Bruyne
327,7,False,False,1,307954,19,90,1,0,1,1,0.33,0.07,0.4,0.36,9,Luis Díaz Marulanda
492,8,False,False,1,307954,19,90,0,1,0,0,0.42,0.33,0.75,0.72,5,Dejan Kulusevski
268,9,False,False,1,307954,19,90,1,1,3,1,0.99,0.08,1.07,2.0,11,Liam Delap
447,10,False,False,1,307954,19,75,1,1,3,1,0.32,0.08,0.4,0.62,12,Chris Wood
321,11,False,False,1,307954,19,57,1,0,0,0,0.21,0.34,0.55,0.12,5,Cody Gakpo
310,12,False,False,1,307954,19,90,0,0,0,1,0.0,0.0,0.0,0.36,6,Alisson Becker
369,13,False,False,1,307954,19,90,0,0,0,0,0.0,0.08,0.08,1.92,1,Diogo Dalot Teixeira
366,14,False,False,1,307954,19,0,0,0,0,0,0.0,0.0,0.0,0.0,0,Bruno Borges Fernandes
326,15,False,False,1,307954,19,0,0,0,0,0,0.0,0.0,0.0,0.0,0,Ibrahima Konaté
235,1,False,False,1,318423,19,90,0,0,0,0,0.0,0.01,0.01,1.48,1,Jordan Pickford
187,2,False,False,1,318423,19,90,0,0,0,0,0.0,0.02,0.02,1.58,1,Tosin Adarabioyo
238,3,False,False,1,318423,19,67,0,0,0,0,0.0,0.09,0.09,1.04,1,Ashley Young
6,4,False,False,1,318423,19,90,0,0,0,0,0.0,0.11,0.11,0.29,1,Jurriën Timber
335,5,False,False,1,318423,19,73,0,0,0,1,0.03,0.06,0.09,0.12,6,Andrew Robertson
317,6,False,False,1,318423,19,32,1,0,0,0,0.47,0.04,0.51,0.24,6,Diogo Teixeira da Silva
364,7,False,False,1,318423,19,90,0,0,0,0,0.1,0.01,0.11,1.92,2,Amad Diallo
23,8,False,False,1,318423,19,12,0,0,0,0,0.0,0.0,0.0,0.0,1,Leandro Trossard
494,9,False,False,1,318423,19,26,0,0,0,0,0.05,0.01,0.06,0.43,1,James Maddison
136,10,False,False,1,318423,19,32,0,0,0,0,0.0,0.05,0.05,0.29,1,Mitoma Kaoru
180,11,False,False,1,318423,19,35,0,0,0,0,0.02,0.01,0.03,0.13,1,Nicolas Jackson
15,12,False,False,1,318423,19,90,0,0,0,0,0.0,0.0,0.0,0.29,2,David Raya Martín
351,13,False,False,1,318423,19,90,1,0,2,1,0.87,0.13,1.0,1.3,8,Erling Haaland
70,14,False,False,1,318423,19,90,0,0,0,0,0.0,0.06,0.06,1.11,1,Milos Kerkez
38,15,False,False,1,318423,19,0,0,0,0,0,0.0,0.0,0.0,0.0,0,Jhon Durán
248,1,False,False,1,319681,19,90,0,0,0,0,0.0,0.0,0.0,1.98,3,Bernd Leno
574,2,False,False,1,319681,19,90,0,0,0,1,0.0,0.0,0.0,0.89,6,Nikola Milenković
36,3,False,False,1,319681,19,82,0,0,0,0,0.0,0.14,0.14,0.83,1,Lucas Digne
399,4,False,False,1,319681,19,90,0,1,3,1,0.06,0.01,0.07,0.9,12,Lewis Hall
422,5,False,False,1,319681,19,90,0,0,2,1,0.0,0.0,0.0,0.89,8,Ola Aina
514,6,False,False,1,319681,19,59,0,0,0,0,0.02,0.16,0.18,2.26,1,Jarrod Bowen
247,7,False,False,1,319681,19,90,0,0,0,0,0.33,0.25,0.58,1.98,2,Alex Iwobi
177,8,False,False,1,319681,19,76,0,0,0,0,0.19,0.07,0.26,1.58,2,Noni Madueke
99,9,False,False,1,319681,19,90,1,0,0,0,0.07,0.03,0.1,1.95,7,Bryan Mbeumo
58,10,False,False,1,319681,19,90,1,1,3,0,1.07,0.15,1.22,1.13,12,Ollie Watkins
541,11,False,False,1,319681,19,45,0,0,0,0,0.1,0.04,0.14,1.3,1,Matheus Santos Carneiro da Cunha
383,12,False,False,1,319681,19,90,0,0,0,0,0.0,0.0,0.0,1.92,1,André Onana
4,13,False,False,1,319681,19,0,0,0,0,0,0.0,0.0,0.0,0.0,0,Kai Havertz
17,14,False,False,1,319681,19,0,0,0,0,0,0.0,0.0,0.0,0.0,0,Bukayo Saka
380,15,False,False,1,319681,19,64,0,0,0,0,0.0,0.15,0.15,1.89,0,Lisandro Martínez
185,1,False,False,1,295362,20,90,0,0,0,0,0.0,0.0,0.0,1.08,3,Robert Lynch Sánchez
350,2,False,False,1,295362,20,90,0,0,0,0,0.0,0.02,0.02,1.37,2,Joško Gvardiol
44,3,False,False,1,295362,20,90,0,0,0,0,0.0,0.01,0.01,0.41,2,Ezri Konsa Ngoyo
244,4,False,False,1,295362,20,90,0,0,0,0,0.0,0.02,0.02,1.59,1,Timothy Castagne
162,5,False,False,1,295362,20,90,0,0,0,0,0.0,0.02,0.02,1.08,1,Levi Samuels Colwill
503,6,False,False,1,295362,20,28,0,0,0,0,0.0,0.06,0.06,0.24,1,Son Heung-min
182,7,False,False,1,295362,20,90,1,0,3,0,0.19,0.41,0.6,1.08,10,Cole Palmer
9,8,False,False,1,295362,20,45,0,0,0,0,0.0,0.01,0.01,0.97,1,Gabriel Martinelli Silva
168,9,False,False,1,295362,20,90,0,0,0,0,0.08,0.04,0.12,1.08,1,Enzo Fernández
401,10,False,False,1,295362,20,85,1,0,2,0,1.41,0.02,1.43,0.77,7,Alexander Isak
252,11,False,False,1,295362,20,90,2,0,3,0,1.86,0.01,1.87,1.59,13,Raúl Jiménez Rodríguez
47,12,False,False,1,295362,20,90,0,0,0,0,0.0,0.0,0.0,0.41,2,Emiliano Martínez Romero
129,13,False,False,1,295362,20,90,1,0,3,0,0.79,0.03,0.82,0.88,9,João Pedro Junqueira de Jesus
54,14,False,False,1,295362,20,0,0,0,0,0,0.0,0.0,0.0,0.0,0,Morgan Rogers
415,15,False,False,1,295362,20,0,0,0,0,0,0.0,0.0,0.0,0.0,0,Fabian Schär
358,1,False,False,1,302714,20,90,0,0,0,0,0.0,0.0,0.0,1.37,3,Stefan Ortega Moreno
18,2,False,False,1,302714,20,90,0,0,0,0,0.0,0.01,0.01,1.52,2,William Saliba
355,3,False,False,1,302714,20,90,0,0,0,0,0.06,0.03,0.09,1.37,2,Rico Lewis
255,4,False,False,1,302714,20,90,0,0,0,0,0.0,0.05,0.05,1.59,1,Antonee Robinson
78,5,False,False,1,302714,20,90,0,0,0,1,0.5,0.24,0.74,0.71,3,Antoine Semenyo
433,6,False,False,1,302714,20,87,1,0,0,1,0.2,0.07,0.27,1.57,8,Morgan Gibbs-White
491,7,False,False,1,302714,20,90,0,0,0,0,0.21,0.04,0.25,2.53,2,Brennan Johnson
398,8,False,False,1,302714,20,77,1,0,0,0,0.62,0.05,0.67,0.54,7,Anthony Gordon
328,9,False,False,1,302714,20,90,1,0,0,0,1.0,0.38,1.38,1.05,7,Mohamed Salah
110,10,False,False,1,302714,20,90,1,1,2,1,1.38,0.11,1.49,0.29,11,Yoane Wissa
82,11,False,False,1,302714,20,90,1,0,3,0,0.46,0.12,0.58,2.53,9,Dominic Solanke-Mitchell
201,12,False,False,1,302714,20,90,0,0,0,0,0.0,0.0,0.0,1.24,2,Dean Henderson
3,13,False,False,1,302714,20,90,0,0,0,0,0.0,0.01,0.01,1.52,2,Gabriel dos Santos Magalhães
207,14,False,False,1,302714,20,90,1,0,2,0,0.44,0.0,0.44,1.24,8,Jean-Philippe Mateta
339,15,False,False,1,302714,20,90,0,0,0,0,0.3,0.01,0.31,1.05,1,Virgil van Dijk
443,1,False,False,1,307954,20,90,0,0,2,1,0.0,0.0,0.0,1.57,9,Matz Sels
437,2,False,False,1,307954,20,90,0,0,0,1,0.0,0.01,0.01,1.57,6,Neco Williams
163,3,False,False,1,307954,20,90,0,0,0,0,0.0,0.03,0.03,1.08,2,Marc Cucurella Saseta
578,4,False,False,1,307954,20,90,0,0,0,0,0.0,0.01,0.01,1.52,1,Riccardo Calafiori
311,5,False,False,1,307954,20,85,0,0,0,0,0.06,0.1,0.16,0.67,0,Trent Alexander-Arnold
13,6,False,False,1,307954,20,26,0,0,0,0,0.0,0.02,0.02,0.17,1,Martin Ødegaard
327,7,False,False,1,307954,20,59,0,0,0,0,0.16,0.01,0.17,0.55,1,Luis Díaz Marulanda
492,8,False,False,1,307954,20,90,0,0,0,0,0.03,0.19,0.22,2.53,2,Dejan Kulusevski
268,9,False,False,1,307954,20,87,1,0,2,0,0.79,0.0,0.79,1.44,8,Liam Delap
447,10,False,False,1,307954,20,87,1,0,2,1,0.36,0.01,0.37,1.57,8,Chris Wood
321,11,False,False,1,307954,20,85,1,0,0,0,0.5,0.01,0.51,0.67,6,Cody Gakpo
310,12,False,False,1,307954,20,90,0,0,0,0,0.0,0.0,0.0,1.05,1,Alisson Becker
345,13,False,False,1,307954,20,90,0,1,0,0,0.03,0.21,0.24,1.37,5,Kevin De Bruyne
366,14,False,False,1,307954,20,90,0,1,2,0,0.06,0.29,0.35,2.82,7,Bruno Borges Fernandes
369,15,False,False,1,307954,20,90,0,0,0,0,0.04,0.17,0.21,2.82,0,Diogo Dalot Teixeira
235,1,False,False,1,318423,20,90,0,0,0,0,0.0,0.02,0.02,1.84,4,Jordan Pickford
238,2,False,False,1,318423,20,90,0,0,0,0,0.0,0.02,0.02,1.84,2,Ashley Young
335,3,False,False,1,318423,20,90,0,0,0,0,0.0,0.08,0.08,1.05,1,Andrew Robertson
70,4,False,False,1,318423,20,90,0,1,3,1,0.0,0.14,0.14,0.71,12,Milos Kerkez
23,5,False,False,1,318423,20,90,0,0,0,0,0.09,0.07,0.16,1.52,2,Leandro Trossard
317,6,False,False,1,318423,20,29,0,0,0,0,0.26,0.0,0.26,0.51,1,Diogo Teixeira da Silva
364,7,False,False,1,318423,20,90,1,0,3,0,0.15,0.23,0.38,2.82,9,Amad Diallo
494,8,False,False,1,318423,20,28,0,0,0,0,0.03,0.04,0.07,0.24,1,James Maddison
136,9,False,False,1,318423,20,28,0,0,0,0,0.0,0.12,0.12,0.17,1,Mitoma Kaoru
351,10,False,False,1,318423,20,83,2,0,3,0,0.95,0.07,1.02,1.33,13,Erling Haaland
180,11,False,False,1,318423,20,80,0,0,0,1,0.45,0.03,0.48,0.67,2,Nicolas Jackson
15,12,False,False,1,318423,20,90,0,0,0,0,0.0,0.0,0.0,1.52,3,David Raya Martín
187,13,False,False,1,318423,20,0,0,0,0,0,0.0,0.0,0.0,0.0,0,Tosin Adarabioyo
6,14,False,False,1,318423,20,0,0,0,0,0,0.0,0.0,0.0,0.0,0,Jurriën Timber
38,15,False,False,1,318423,20,0,0,0,0,0,0.0,0.0,0.0,0.0,0,Jhon Durán
248,1,False,False,1,319681,20,90,0,0,0,0,0.0,0.0,0.0,1.59,1,Bernd Leno
36,2,False,False,1,319681,20,75,0,0,0,0,0.02,0.03,0.05,0.41,2,Lucas Digne
422,3,False,False,1,319681,20,90,0,0,0,1,0.0,0.01,0.01,1.57,6,Ola Aina
574,4,False,False,1,319681,20,90,0,0,0,1,0.1,0.0,0.1,1.57,6,Nikola Milenković
399,5,False,False,1,319681,20,90,0,0,0,0,0.0,0.1,0.1,0.95,2,Lewis Hall
580,6,False,False,1,319681,20,90,0,0,2,1,0.08,0.24,0.32,0.71,8,Dean Huijsen
99,7,False,False,1,319681,20,90,2,1,3,1,1.28,0.48,1.76,0.29,19,Bryan Mbeumo
177,8,False,False,1,319681,20,4,0,0,0,0,0.0,0.0,0.0,0.04,1,Noni Madueke
247,9,False,False,1,319681,20,62,0,0,0,0,0.08,0.31,0.39,0.56,2,Alex Iwobi
58,10,False,False,1,319681,20,90,0,0,0,0,0.45,0.07,0.52,0.41,2,Ollie Watkins
4,11,False,False,1,319681,20,0,0,0,0,0,0.0,0.0,0.0,0.0,0,Kai Havertz
383,12,False,False,1,319681,20,90,0,0,0,0,0.0,0.0,0.0,2.82,2,André Onana
514,13,False,False,1,319681,20,0,0,0,0,0,0.0,0.0,0.0,0.0,0,Jarrod Bowen
17,14,False,False,1,319681,20,0,0,0,0,0,0.0,0.0,0.0,0.0,0,Bukayo Saka
541,15,False,False,1,319681,20,0,0,0,0,0,0.0,0.0,0.0,0.0,0,Matheus Santos Carneiro da Cunha
47,1,False,False,1,295362,21,90,0,0,0,1,0.0,0.0,0.0,1.14,6,Emiliano Martínez Romero
350,2,False,False,1,295362,21,90,0,0,0,0,0.2,0.06,0.26,2.58,1,Joško Gvardiol
211,3,False,False,1,295362,21,90,0,0,0,1,0.0,0.06,0.06,1.7,6,Daniel Muñoz Mejía
594,4,False,False,1,295362,21,82,0,0,0,0,0.0,0.06,0.06,1.48,2,Noussair Mazraoui
503,5,False,False,1,295362,21,77,1,0,1,0,0.1,0.02,0.12,1.15,8,Son Heung-min
403,6,False,False,1,295362,21,82,0,0,0,1,0.27,0.43,0.7,0.87,3,Joelinton Cássio Apolinário de Lira
182,7,False,False,1,295362,21,90,1,0,3,0,0.69,0.5,1.19,1.18,10,Cole Palmer
54,8,False,False,1,295362,21,90,0,1,0,1,0.07,0.06,0.13,1.14,6,Morgan Rogers
401,9,False,False,1,295362,21,77,2,1,3,1,0.77,0.2,0.97,0.81,16,Alexander Isak
252,10,False,False,1,295362,21,90,0,0,0,0,0.55,0.05,0.6,0.95,1,Raúl Jiménez Rodríguez
129,11,False,False,1,295362,21,77,0,0,0,1,0.18,0.07,0.25,0.29,1,João Pedro Junqueira de Jesus
185,12,False,False,1,295362,21,90,0,0,0,0,0.0,0.0,0.0,1.18,1,Robert Lynch Sánchez
415,13,False,False,1,295362,21,0,0,0,0,0,0.0,0.0,0.0,0.0,0,Fabian Schär
9,14,False,False,1,295362,21,29,0,0,0,0,0.04,0.05,0.09,0.36,1,Gabriel Martinelli Silva
162,15,False,False,1,295362,21,90,0,0,0,0,0.05,0.0,0.05,1.18,1,Levi Samuels Colwill
396,1,False,False,1,302714,21,90,0,0,2,1,0.0,0.0,0.0,1.62,10,Martin Dúbravka
3,2,False,False,1,302714,21,90,0,0,0,0,0.03,0.01,0.04,0.78,1,Gabriel dos Santos Magalhães
395,3,False,False,1,302714,21,90,0,0,0,1,0.14,0.01,0.15,1.62,6,Dan Burn
255,4,False,False,1,302714,21,90,0,2,0,0,0.04,0.15,0.19,0.95,7,Antonee Robinson
432,5,False,False,1,302714,21,90,0,1,2,0,0.05,0.14,0.19,1.99,7,Anthony Elanga
433,6,False,False,1,302714,21,89,0,0,0,0,0.0,0.02,0.02,1.97,1,Morgan Gibbs-White
398,7,False,False,1,302714,21,77,1,0,1,1,0.68,0.11,0.79,0.81,9,Anthony Gordon
328,8,False,False,1,302714,21,90,0,0,0,0,0.47,0.34,0.81,0.31,2,Mohamed Salah
207,9,False,False,1,302714,21,78,1,0,2,1,1.1,0.02,1.12,1.45,8,Jean-Philippe Mateta
110,10,False,False,1,302714,21,90,1,0,0,0,1.63,0.01,1.64,2.2,6,Yoane Wissa
82,11,False,False,1,302714,21,90,0,0,0,0,0.25,0.0,0.25,1.45,0,Dominic Solanke-Mitchell
358,12,False,False,1,302714,21,90,0,0,0,0,0.0,0.0,0.0,2.58,2,Stefan Ortega Moreno
18,13,False,False,1,302714,21,90,0,0,0,0,0.0,0.02,0.02,0.78,2,William Saliba
491,14,False,False,1,302714,21,45,0,0,0,0,0.05,0.01,0.06,1.15,1,Brennan Johnson
339,15,False,False,1,302714,21,90,0,0,0,0,0.0,0.03,0.03,0.31,2,Virgil van Dijk
310,1,False,False,1,307954,21,90,0,0,0,0,0.0,0.0,0.0,0.31,2,Alisson Becker
409,2,False,False,1,307954,21,84,0,0,0,1,0.0,0.02,0.02,1.24,6,Tino Livramento
311,3,False,False,1,307954,21,90,0,0,0,0,0.06,0.29,0.35,0.31,2,Trent Alexander-Arnold
326,4,False,False,1,307954,21,65,0,0,0,0,0.0,0.01,0.01,0.31,2,Ibrahima Konaté
571,5,False,False,1,307954,21,90,0,1,0,0,0.44,0.1,0.54,2.58,5,Sávio Moreira de Oliveira
366,6,False,False,1,307954,21,90,0,0,2,0,0.48,0.12,0.6,1.52,4,Bruno Borges Fernandes
13,7,False,False,1,307954,21,90,0,1,3,0,0.38,0.57,0.95,0.78,8,Martin Ødegaard
327,8,False,False,1,307954,21,74,0,0,0,0,0.02,0.05,0.07,0.31,1,Luis Díaz Marulanda
345,9,False,False,1,307954,21,90,0,1,2,0,0.16,0.42,0.58,2.58,7,Kevin De Bruyne
268,10,False,False,1,307954,21,83,0,0,0,0,0.02,0.0,0.02,0.97,1,Liam Delap
321,11,False,False,1,307954,21,90,0,0,0,0,0.11,0.52,0.63,0.31,2,Cody Gakpo
443,12,False,False,1,307954,21,90,0,0,0,0,0.0,0.02,0.02,1.99,3,Matz Sels
578,13,False,False,1,307954,21,0,0,0,0,0,0.0,0.0,0.0,0.0,0,Riccardo Calafiori
447,14,False,False,1,307954,21,89,1,0,3,0,0.16,0.0,0.16,1.97,9,Chris Wood
437,15,False,False,1,307954,21,89,0,0,0,0,0.0,0.0,0.0,1.97,2,Neco Williams
235,1,False,False,1,318423,21,90,0,0,0,0,0.0,0.01,0.01,1.21,1,Jordan Pickford
187,2,False,False,1,318423,21,19,0,0,0,0,0.01,0.0,0.01,0.17,1,Tosin Adarabioyo
238,3,False,False,1,318423,21,82,0,0,0,0,0.0,0.05,0.05,1.21,2,Ashley Young
6,4,False,False,1,318423,21,90,0,0,0,0,0.0,0.04,0.04,0.78,2,Jurriën Timber
335,5,False,False,1,318423,21,64,0,0,0,0,0.0,0.1,0.1,0.31,2,Andrew Robertson
317,6,False,False,1,318423,21,24,1,0,1,0,0.91,0.03,0.94,0.0,7,Diogo Teixeira da Silva
364,7,False,False,1,318423,21,90,3,0,3,0,1.43,0.38,1.81,1.52,20,Amad Diallo
23,8,False,False,1,318423,21,76,1,0,2,0,0.27,0.03,0.3,0.57,9,Leandro Trossard
494,9,False,False,1,318423,21,45,0,0,0,0,0.08,0.01,0.09,1.15,1,James Maddison
136,10,False,False,1,318423,21,90,1,0,2,1,0.18,0.05,0.23,0.29,10,Mitoma Kaoru
180,11,False,False,1,318423,21,90,0,1,0,0,1.11,0.31,1.42,1.18,4,Nicolas Jackson
15,12,False,False,1,318423,21,90,0,0,0,0,0.0,0.0,0.0,0.78,2,David Raya Martín
351,13,False,False,1,318423,21,90,0,0,0,0,0.4,0.05,0.45,2.58,2,Erling Haaland
70,14,False,False,1,318423,21,90,0,0,0,0,0.0,0.01,0.01,2.5,1,Milos Kerkez
38,15,False,False,1,318423,21,0,0,0,0,0,0.0,0.0,0.0,0.0,0,Jhon Durán
383,1,False,False,1,319681,21,90,0,0,0,0,0.0,0.0,0.0,1.52,3,André Onana
380,2,False,False,1,319681,21,90,0,0,0,0,0.0,0.02,0.02,1.52,1,Lisandro Martínez
36,3,False,False,1,319681,21,90,0,0,0,1,0.07,0.01,0.08,1.14,6,Lucas Digne
399,4,False,False,1,319681,21,90,0,0,0,1,0.05,0.08,0.13,1.62,6,Lewis Hall
580,5,False,False,1,319681,21,90,0,0,0,0,0.0,0.08,0.08,2.5,0,Dean Huijsen
422,6,False,False,1,319681,21,90,0,0,0,0,0.0,0.02,0.02,1.99,2,Ola Aina
247,7,False,False,1,319681,21,84,2,0,3,0,0.05,0.78,0.83,0.87,15,Alex Iwobi
199,8,False,False,1,319681,21,78,0,1,0,1,0.09,0.12,0.21,1.45,6,Eberechi Eze
99,9,False,False,1,319681,21,90,0,0,0,0,0.31,0.36,0.67,2.2,2,Bryan Mbeumo
58,10,False,False,1,319681,21,90,1,0,2,1,0.46,0.05,0.51,1.14,8,Ollie Watkins
541,11,False,False,1,319681,21,45,0,0,0,0,0.3,0.07,0.37,1.45,1,Matheus Santos Carneiro da Cunha
248,12,False,False,1,319681,21,90,0,0,0,0,0.0,0.0,0.0,0.95,1,Bernd Leno
617,13,False,False,1,319681,21,0,0,0,0,0,0.0,0.0,0.0,0.0,0,Francisco Evanilson de Lima Barbosa
17,14,False,False,1,319681,21,0,0,0,0,0,0.0,0.0,0.0,0.0,0,Bukayo Saka
514,15,False,False,1,319681,21,0,0,0,0,0,0.0,0.0,0.0,0.0,0,Jarrod Bowen
185,1,False,False,1,295362,22,90,0,0,0,0,0.0,0.0,0.0,0.86,2,Robert Lynch Sánchez
350,2,False,False,1,295362,22,90,0,0,0,1,0.0,0.06,0.06,0.58,6,Joško Gvardiol
415,3,False,False,1,295362,22,45,0,0,0,0,0.04,0.0,0.04,1.09,0,Fabian Schär
594,4,False,False,1,295362,22,83,0,0,0,0,0.0,0.06,0.06,1.93,1,Noussair Mazraoui
54,5,False,False,1,295362,22,90,0,0,0,0,0.0,0.03,0.03,1.33,1,Morgan Rogers
503,6,False,False,1,295362,22,90,0,0,0,0,0.33,0.18,0.51,1.95,2,Son Heung-min
182,7,False,False,1,295362,22,83,0,0,0,0,0.19,0.22,0.41,0.83,2,Cole Palmer
348,8,False,False,1,295362,22,62,2,1,3,1,0.79,0.06,0.85,0.57,19,Phil Foden
129,9,False,False,1,295362,22,90,0,0,0,0,0.0,0.01,0.01,1.48,2,João Pedro Junqueira de Jesus
401,10,False,False,1,295362,22,90,0,0,0,0,0.06,0.07,0.13,2.26,2,Alexander Isak
252,11,False,False,1,295362,22,70,0,0,0,1,0.07,0.12,0.19,0.42,2,Raúl Jiménez Rodríguez
47,12,False,False,1,295362,22,90,0,0,0,0,0.0,0.0,0.0,1.33,2,Emiliano Martínez Romero
9,13,False,False,1,295362,22,81,1,0,0,0,0.47,0.14,0.61,0.96,7,Gabriel Martinelli Silva
211,14,False,False,1,295362,22,90,0,0,0,1,0.0,0.12,0.12,0.28,6,Daniel Muñoz Mejía
162,15,False,False,1,295362,22,0,0,0,0,0,0.0,0.0,0.0,0.0,0,Levi Samuels Colwill
396,1,False,False,1,302714,22,90,0,0,0,0,0.0,0.0,0.0,2.26,2,Martin Dúbravka
339,2,False,False,1,302714,22,90,0,0,0,1,0.16,0.14,0.3,0.72,6,Virgil van Dijk
574,3,False,False,1,302714,22,90,0,0,0,0,0.0,0.02,0.02,0.89,1,Nikola Milenković
255,4,False,False,1,302714,22,90,0,0,2,1,0.1,0.09,0.19,0.47,8,Antonee Robinson
3,5,False,False,1,302714,22,90,0,0,0,0,0.0,0.07,0.07,1.04,1,Gabriel dos Santos Magalhães
328,6,False,False,1,302714,22,90,0,0,0,1,0.18,0.43,0.61,0.72,3,Mohamed Salah
432,7,False,False,1,302714,22,73,0,0,0,0,0.18,0.17,0.35,0.49,2,Anthony Elanga
433,8,False,False,1,302714,22,82,0,1,0,0,0.62,0.08,0.7,0.49,5,Morgan Gibbs-White
398,9,False,False,1,302714,22,90,0,0,0,0,0.31,0.17,0.48,2.26,2,Anthony Gordon
110,10,False,False,1,302714,22,90,0,0,0,0,0.3,0.17,0.47,3.43,2,Yoane Wissa
207,11,False,False,1,302714,22,89,2,0,3,1,0.93,0.31,1.24,0.28,13,Jean-Philippe Mateta
358,12,False,False,1,302714,22,0,0,0,0,0,0.0,0.0,0.0,0.0,0,Stefan Ortega Moreno
491,13,False,False,1,302714,22,0,0,0,0,0,0.0,0.0,0.0,0.0,0,Brennan Johnson
18,14,False,False,1,302714,22,0,0,0,0,0,0.0,0.0,0.0,0.0,0,William Saliba
82,15,False,False,1,302714,22,0,0,0,0,0,0.0,0.0,0.0,0.0,0,Dominic Solanke-Mitchell
443,1,False,False,1,307954,22,90,0,0,0,0,0.0,0.0,0.0,0.89,1,Matz Sels
311,2,False,False,1,307954,22,90,0,1,2,1,0.1,0.71,0.81,0.72,11,Trent Alexander-Arnold
436,3,False,False,1,307954,22,90,0,0,0,0,0.0,0.01,0.01,0.89,1,Murillo Costa dos Santos
437,4,False,False,1,307954,22,90,0,0,0,0,0.01,0.04,0.05,0.89,1,Neco Williams
326,5,False,False,1,307954,22,90,0,0,0,1,0.15,0.43,0.58,0.72,6,Ibrahima Konaté
345,6,False,False,1,307954,22,62,0,3,0,1,0.16,0.3,0.46,0.57,12,Kevin De Bruyne
327,7,False,False,1,307954,22,64,0,0,0,1,0.84,0.19,1.03,0.44,3,Luis Díaz Marulanda
366,8,False,False,1,307954,22,90,1,0,1,0,0.88,0.23,1.11,1.93,8,Bruno Borges Fernandes
13,9,False,False,1,307954,22,90,0,0,0,0,0.04,0.15,0.19,1.04,2,Martin Ødegaard
321,10,False,False,1,307954,22,86,0,0,0,1,0.47,0.22,0.69,0.72,2,Cody Gakpo
447,11,False,False,1,307954,22,82,1,1,3,0,0.73,0.02,0.75,0.49,12,Chris Wood
310,12,False,False,1,307954,22,90,0,0,1,1,0.0,0.0,0.0,0.72,9,Alisson Becker
571,13,False,False,1,307954,22,0,0,0,0,0,0.0,0.0,0.0,0.0,0,Sávio Moreira de Oliveira
409,14,False,False,1,307954,22,90,0,0,0,0,0.0,0.02,0.02,2.26,0,Tino Livramento
268,15,False,False,1,307954,22,72,0,0,0,0,0.15,0.0,0.15,2.88,2,Liam Delap
235,1,False,False,1,318423,22,90,0,0,0,0,0.0,0.01,0.01,1.12,2,Jordan Pickford
238,2,False,False,1,318423,22,20,0,0,0,0,0.0,0.0,0.0,0.72,0,Ashley Young
335,3,False,False,1,318423,22,25,0,0,0,0,0.0,0.34,0.34,0.28,1,Andrew Robertson
6,4,False,False,1,318423,22,90,0,0,0,0,0.0,0.01,0.01,1.04,1,Jurriën Timber
23,5,False,False,1,318423,22,90,0,2,3,0,0.2,0.43,0.63,1.04,10,Leandro Trossard
364,6,False,False,1,318423,22,90,0,0,0,0,0.1,0.14,0.24,1.93,2,Amad Diallo
434,7,False,False,1,318423,22,37,1,0,0,0,0.09,0.04,0.13,0.23,6,Callum Hudson-Odoi
136,8,False,False,1,318423,22,90,1,1,2,0,0.8,0.28,1.08,1.48,12,Mitoma Kaoru
38,9,False,False,1,318423,22,10,0,0,0,0,0.0,0.01,0.01,0.41,1,Jhon Durán
351,10,False,False,1,318423,22,62,1,0,0,1,1.3,0.03,1.33,0.57,6,Erling Haaland
180,11,False,False,1,318423,22,90,0,0,0,0,0.19,0.0,0.19,0.86,2,Nicolas Jackson
15,12,False,False,1,318423,22,90,0,0,0,0,0.0,0.0,0.0,1.04,1,David Raya Martín
317,13,False,False,1,318423,22,0,0,0,0,0,0.0,0.0,0.0,0.0,0,Diogo Teixeira da Silva
70,14,False,False,1,318423,22,90,1,0,0,0,0.05,0.09,0.14,0.79,7,Milos Kerkez
187,15,False,False,1,318423,22,90,1,0,0,0,0.24,0.02,0.26,0.86,7,Tosin Adarabioyo
248,1,False,False,1,319681,22,90,0,0,0,1,0.0,0.0,0.0,0.47,7,Bernd Leno
36,2,False,False,1,319681,22,45,0,1,0,0,0.0,0.0,0.0,0.69,4,Lucas Digne
399,3,False,False,1,319681,22,65,0,1,0,0,0.0,0.1,0.1,1.66,4,Lewis Hall
422,4,False,False,1,319681,22,90,0,1,0,0,0.0,0.1,0.1,0.89,4,Ola Aina
388,5,False,False,1,319681,22,90,0,0,0,0,0.04,0.02,0.06,1.32,1,Aaron Wan-Bissaka
247,6,False,False,1,319681,22,45,0,0,0,0,0.1,0.07,0.17,0.26,1,Alex Iwobi
199,7,False,False,1,319681,22,77,0,1,0,1,0.05,0.44,0.49,0.18,6,Eberechi Eze
99,8,False,False,1,319681,22,90,0,0,0,0,0.24,0.12,0.36,3.43,2,Bryan Mbeumo
58,9,False,False,1,319681,22,79,1,0,2,0,0.62,0.0,0.62,0.92,8,Ollie Watkins
4,10,False,False,1,319681,22,90,1,0,1,0,0.2,0.03,0.23,1.04,7,Kai Havertz
541,11,False,False,1,319681,22,90,0,0,0,0,0.35,0.15,0.5,3.15,2,Matheus Santos Carneiro da Cunha
383,12,False,False,1,319681,22,90,0,0,0,0,0.0,0.0,0.0,1.93,1,André Onana
380,13,False,False,1,319681,22,0,0,0,0,0,0.0,0.0,0.0,0.0,0,Lisandro Martínez
17,14,False,False,1,319681,22,0,0,0,0,0,0.0,0.0,0.0,0.0,0,Bukayo Saka
514,15,False,False,1,319681,22,0,0,0,0,0,0.0,0.0,0.0,0.0,0,Jarrod Bowen
47,1,False,False,1,295362,23,90,0,0,0,0,0.0,0.0,0.0,1.31,2,Emiliano Martínez Romero
44,2,False,False,1,295362,23,90,0,0,0,0,0.0,0.0,0.0,1.31,2,Ezri Konsa Ngoyo
415,3,False,False,1,295362,23,90,0,0,0,0,0.07,0.01,0.08,0.76,2,Fabian Schär
211,4,False,False,1,295362,23,90,0,1,0,0,0.02,0.64,0.66,1.53,4,Daniel Muñoz Mejía
54,5,False,False,1,295362,23,71,0,0,0,0,0.0,0.05,0.05,1.04,1,Morgan Rogers
503,6,False,False,1,295362,23,90,0,0,0,0,0.05,0.03,0.08,1.56,2,Son Heung-min
182,7,False,False,1,295362,23,90,0,0,0,0,0.07,0.14,0.21,2.5,2,Cole Palmer
348,8,False,False,1,295362,23,90,1,0,0,0,0.46,0.02,0.48,1.8,7,Phil Foden
9,9,False,False,1,295362,23,86,0,0,0,1,0.0,0.02,0.02,0.74,3,Gabriel Martinelli Silva
129,10,False,False,1,295362,23,90,0,0,0,0,0.2,0.06,0.26,0.85,1,João Pedro Junqueira de Jesus
401,11,False,False,1,295362,23,78,2,0,3,0,1.5,0.25,1.75,0.66,13,Alexander Isak
185,12,False,False,1,295362,23,90,0,0,0,0,0.0,0.0,0.0,2.5,2,Robert Lynch Sánchez
350,13,False,False,1,295362,23,90,1,0,0,0,1.1,0.01,1.11,1.8,8,Joško Gvardiol
220,14,False,False,1,295362,23,12,0,0,0,0,0.0,0.0,0.0,0.08,1,Dominic Calvert-Lewin
594,15,False,False,1,295362,23,80,0,0,0,1,0.0,0.01,0.01,0.3,6,Noussair Mazraoui
396,1,False,False,1,302714,23,90,0,0,0,0,0.0,0.0,0.0,0.76,3,Martin Dúbravka
339,2,False,False,1,302714,23,90,0,0,0,0,0.07,0.1,0.17,0.48,2,Virgil van Dijk
495,3,False,False,1,302714,23,90,0,1,2,0,0.17,0.52,0.69,1.56,6,Pedro Porro Sauceda
3,4,False,False,1,302714,23,90,0,0,1,1,0.06,0.01,0.07,0.74,7,Gabriel dos Santos Magalhães
432,5,False,False,1,302714,23,90,0,0,0,0,0.17,0.2,0.37,1.69,2,Anthony Elanga
433,6,False,False,1,302714,23,78,0,0,0,0,0.32,0.17,0.49,0.94,2,Morgan Gibbs-White
398,7,False,False,1,302714,23,87,0,1,0,0,0.1,0.17,0.27,0.72,5,Anthony Gordon
328,8,False,False,1,302714,23,90,1,0,1,0,0.23,0.12,0.35,0.48,8,Mohamed Salah
78,9,False,False,1,302714,23,90,1,0,1,1,0.23,0.19,0.42,0.98,9,Antoine Semenyo
110,10,False,False,1,302714,23,90,0,0,0,0,0.16,0.36,0.52,1.08,2,Yoane Wissa
207,11,False,False,1,302714,23,90,0,0,0,0,0.03,0.0,0.03,1.53,2,Jean-Philippe Mateta
146,12,False,False,1,302714,23,90,0,0,0,0,0.0,0.01,0.01,0.85,1,Bart Verbruggen
255,13,False,False,1,302714,23,90,0,0,0,0,0.0,0.15,0.15,0.25,2,Antonee Robinson
574,14,False,False,1,302714,23,90,0,0,0,0,0.24,0.01,0.25,1.69,0,Nikola Milenković
82,15,False,False,1,302714,23,0,0,0,0,0,0.0,0.0,0.0,0.0,0,Dominic Solanke-Mitchell
310,1,False,False,1,307954,23,90,0,0,0,0,0.0,0.0,0.0,0.48,2,Alisson Becker
311,2,False,False,1,307954,23,90,0,1,0,0,0.13,0.49,0.62,0.48,5,Trent Alexander-Arnold
409,3,False,False,1,307954,23,90,0,0,0,0,0.02,0.02,0.04,0.76,2,Tino Livramento
326,4,False,False,1,307954,23,90,0,1,0,0,0.0,0.1,0.1,0.48,5,Ibrahima Konaté
436,5,False,False,1,307954,23,90,0,0,0,0,0.01,0.01,0.02,1.69,0,Murillo Costa dos Santos
345,6,False,False,1,307954,23,16,0,0,0,0,0.0,0.01,0.01,0.05,1,Kevin De Bruyne
327,7,False,False,1,307954,23,85,0,0,0,1,0.0,0.03,0.03,0.23,3,Luis Díaz Marulanda
366,8,False,False,1,307954,23,90,0,0,0,1,0.06,0.23,0.29,0.67,3,Bruno Borges Fernandes
268,9,False,False,1,307954,23,78,0,0,0,0,0.0,0.0,0.0,1.94,1,Liam Delap
321,10,False,False,1,307954,23,67,2,1,3,1,1.09,0.06,1.15,0.03,16,Cody Gakpo
447,11,False,False,1,307954,23,90,0,0,0,0,0.0,0.01,0.01,1.69,2,Chris Wood
443,12,False,False,1,307954,23,90,0,0,0,0,0.0,0.0,0.0,1.69,1,Matz Sels
571,13,False,False,1,307954,23,0,0,0,0,0,0.0,0.0,0.0,0.0,0,Sávio Moreira de Oliveira
122,14,False,False,1,307954,23,0,0,0,0,0,0.0,0.0,0.0,0.0,0,Pervis Estupiñán Tenorio
13,15,False,False,1,307954,23,0,0,0,0,0,0.0,0.0,0.0,0.0,0,Martin Ødegaard
235,1,False,False,1,318423,23,90,0,0,0,1,0.0,0.0,0.0,0.73,5,Jordan Pickford
238,2,False,False,1,318423,23,12,0,0,0,0,0.0,0.0,0.0,0.06,1,Ashley Young
335,3,False,False,1,318423,23,90,0,0,0,0,0.0,0.09,0.09,0.48,2,Andrew Robertson
6,4,False,False,1,318423,23,90,0,0,0,1,0.0,0.02,0.02,0.74,5,Jurriën Timber
23,5,False,False,1,318423,23,90,0,0,0,1,0.0,0.23,0.23,0.74,3,Leandro Trossard
71,6,False,False,1,318423,23,87,1,1,2,1,0.18,0.43,0.61,0.92,13,Justin Kluivert
364,7,False,False,1,318423,23,90,0,0,0,1,0.0,0.01,0.01,0.67,3,Amad Diallo
136,8,False,False,1,318423,23,90,0,0,0,0,0.07,0.07,0.14,0.85,2,Mitoma Kaoru
38,9,False,False,1,318423,23,24,0,0,0,0,0.09,0.01,0.1,0.46,1,Jhon Durán
351,10,False,False,1,318423,23,90,1,1,3,0,0.33,0.03,0.36,1.8,12,Erling Haaland
180,11,False,False,1,318423,23,60,0,1,0,0,0.38,0.57,0.95,2.07,5,Nicolas Jackson
15,12,False,False,1,318423,23,90,0,0,2,1,0.0,0.0,0.0,0.74,9,David Raya Martín
434,13,False,False,1,318423,23,0,0,0,0,0,0.0,0.0,0.0,0.0,0,Callum Hudson-Odoi
70,14,False,False,1,318423,23,90,0,0,0,1,0.0,0.01,0.01,0.98,6,Milos Kerkez
187,15,False,False,1,318423,23,0,0,0,0,0,0.0,0.0,0.0,0.0,0,Tosin Adarabioyo
248,1,False,False,1,319681,23,90,0,0,0,0,0.0,0.0,0.0,0.25,2,Bernd Leno
380,2,False,False,1,319681,23,90,1,0,3,1,0.02,0.02,0.04,0.67,15,Lisandro Martínez
395,3,False,False,1,319681,23,90,0,0,0,0,0.13,0.0,0.13,0.76,2,Dan Burn
399,4,False,False,1,319681,23,90,0,0,0,0,0.05,0.04,0.09,0.76,2,Lewis Hall
422,5,False,False,1,319681,23,78,0,0,0,0,0.0,0.02,0.02,0.94,1,Ola Aina
99,6,False,False,1,319681,23,90,1,0,0,0,1.13,0.03,1.16,1.08,7,Bryan Mbeumo
394,7,False,False,1,319681,23,78,0,0,0,0,0.0,0.73,0.73,0.66,2,Bruno Guimarães Rodriguez Moura
247,8,False,False,1,319681,23,90,0,0,0,0,0.09,0.04,0.13,0.25,2,Alex Iwobi
4,9,False,False,1,319681,23,90,0,0,0,1,0.53,0.0,0.53,0.74,2,Kai Havertz
58,10,False,False,1,319681,23,65,0,1,0,1,0.13,0.04,0.17,0.85,5,Ollie Watkins
541,11,False,False,1,319681,23,90,0,0,0,0,0.13,0.03,0.16,1.0,2,Matheus Santos Carneiro da Cunha
383,12,False,False,1,319681,23,90,0,0,0,1,0.0,0.0,0.0,0.67,6,André Onana
36,13,False,False,1,319681,23,90,0,0,0,0,0.09,0.07,0.16,1.31,2,Lucas Digne
17,14,False,False,1,319681,23,0,0,0,0,0,0.0,0.0,0.0,0.0,0,Bukayo Saka
514,15,False,False,1,319681,23,0,0,0,0,0,0.0,0.0,0.0,0.0,0,Jarrod Bowen
47,1,False,False,1,295362,24,90,0,0,0,0,0.0,0.0,0.0,1.63,2,Emiliano Martínez Romero
350,2,False,False,1,295362,24,90,0,0,0,0,0.17,0.03,0.2,1.0,0,Joško Gvardiol
415,3,False,False,1,295362,24,90,0,0,0,0,0.16,0.04,0.2,1.56,1,Fabian Schär
44,4,False,False,1,295362,24,90,0,0,0,0,0.0,0.01,0.01,1.63,1,Ezri Konsa Ngoyo
503,5,False,False,1,295362,24,90,0,2,2,1,0.04,0.15,0.19,2.06,10,Son Heung-min
348,6,False,False,1,295362,24,71,0,0,0,0,0.0,0.06,0.06,0.76,2,Phil Foden
182,7,False,False,1,295362,24,89,0,1,2,0,0.29,0.42,0.71,0.72,6,Cole Palmer
177,8,False,False,1,295362,24,60,0,0,0,0,0.09,0.16,0.25,0.43,2,Noni Madueke
54,9,False,False,1,295362,24,90,0,0,0,0,0.04,0.04,0.08,1.63,1,Morgan Rogers
401,10,False,False,1,295362,24,90,0,0,0,0,0.04,0.2,0.24,1.56,2,Alexander Isak
232,11,False,False,1,295362,24,114,1,0,2,1,0.46,0.1,0.56,0.52,9,Iliman Ndiaye
185,12,False,False,1,295362,24,0,0,0,0,0,0.0,0.0,0.0,0.0,0,Robert Lynch Sánchez
18,13,False,False,1,295362,24,90,0,0,0,0,0.0,0.0,0.0,0.81,2,William Saliba
211,14,False,False,1,295362,24,90,0,1,2,1,0.1,0.24,0.34,1.12,11,Daniel Muñoz Mejía
129,15,False,False,1,295362,24,45,0,0,0,0,0.05,0.18,0.23,0.99,1,João Pedro Junqueira de Jesus
396,1,False,False,1,302714,24,90,0,0,0,0,0.0,0.0,0.0,1.56,1,Martin Dúbravka
339,2,False,False,1,302714,24,180,0,0,0,1,0.0,0.03,0.03,2.56,6,Virgil van Dijk
495,3,False,False,1,302714,24,90,0,0,0,1,0.02,0.01,0.03,2.06,6,Pedro Porro Sauceda
219,4,False,False,1,302714,24,180,0,1,0,1,0.23,0.03,0.26,0.98,10,Jarrad Branthwaite
398,5,False,False,1,302714,24,90,0,0,0,0,0.06,0.19,0.25,1.56,1,Anthony Gordon
328,6,False,False,1,302714,24,177,3,1,6,1,1.15,0.52,1.67,2.51,29,Mohamed Salah
78,7,False,False,1,302714,24,90,0,0,0,0,0.7,0.07,0.77,2.52,2,Antoine Semenyo
74,8,False,False,1,302714,24,90,0,0,0,0,0.11,0.09,0.2,2.52,2,Dango Ouattara
110,9,False,False,1,302714,24,90,0,0,0,0,0.79,0.04,0.83,0.86,2,Yoane Wissa
306,10,False,False,1,302714,24,59,0,0,0,0,0.0,0.0,0.0,1.67,1,Jamie Vardy
207,11,False,False,1,302714,24,90,2,0,3,1,1.91,0.34,2.25,1.12,13,Jean-Philippe Mateta
152,12,False,False,1,302714,24,90,0,0,0,0,0.0,0.0,0.0,2.52,2,Kepa Arrizabalaga Revuelta
432,13,False,False,1,302714,24,90,0,3,1,1,0.22,0.99,1.21,0.88,13,Anthony Elanga
3,14,False,False,1,302714,24,90,0,0,0,0,0.05,0.02,0.07,0.81,2,Gabriel dos Santos Magalhães
255,15,False,False,1,302714,24,90,0,1,0,0,0.05,0.08,0.13,0.75,4,Antonee Robinson
310,1,False,False,1,307954,24,180,0,0,2,1,0.0,0.0,0.0,2.56,10,Alisson Becker
326,2,False,False,1,307954,24,180,0,0,0,1,0.0,0.01,0.01,2.56,7,Ibrahima Konaté
311,3,False,False,1,307954,24,98,0,0,0,1,0.15,0.04,0.19,1.12,7,Trent Alexander-Arnold
231,4,False,False,1,307954,24,177,0,0,0,1,0.0,0.45,0.45,0.93,7,Vitalii Mykolenko
327,5,False,False,1,307954,24,177,0,0,0,1,0.72,0.11,0.83,2.45,5,Luis Díaz Marulanda
366,6,False,False,1,307954,24,90,0,0,0,0,0.19,0.26,0.45,2.6,1,Bruno Borges Fernandes
13,7,False,False,1,307954,24,83,1,0,0,0,0.14,0.04,0.18,0.81,6,Martin Ødegaard
336,8,False,False,1,307954,24,180,0,0,0,1,0.2,0.64,0.84,2.56,5,Dominik Szoboszlai
268,9,False,False,1,307954,24,90,1,0,3,0,0.83,0.26,1.09,0.91,9,Liam Delap
447,10,False,False,1,307954,24,81,3,0,3,1,2.16,0.01,2.17,0.68,17,Chris Wood
321,11,False,False,1,307954,24,137,0,1,0,1,0.02,0.06,0.08,1.73,7,Cody Gakpo
443,12,False,False,1,307954,24,90,0,0,0,1,0.0,0.0,0.0,0.88,8,Matz Sels
409,13,False,False,1,307954,24,63,0,0,0,0,0.07,0.0,0.07,0.83,2,Tino Livramento
345,14,False,False,1,307954,24,18,0,0,0,0,0.0,0.0,0.0,0.25,1,Kevin De Bruyne
580,15,False,False,1,307954,24,90,0,0,0,0,0.02,0.01,0.03,2.52,0,Dean Huijsen
235,1,False,False,1,318423,24,180,0,1,0,1,0.0,0.02,0.02,0.98,10,Jordan Pickford
238,2,False,False,1,318423,24,18,0,0,0,0,0.0,0.0,0.0,0.23,2,Ashley Young
335,3,False,False,1,318423,24,158,0,0,1,1,0.0,0.31,0.31,2.37,8,Andrew Robertson
6,4,False,False,1,318423,24,90,0,0,0,0,0.04,0.0,0.04,0.81,1,Jurriën Timber
70,5,False,False,1,318423,24,90,0,0,0,0,0.0,0.01,0.01,2.52,1,Milos Kerkez
23,6,False,False,1,318423,24,83,0,0,0,0,0.0,0.01,0.01,0.81,2,Leandro Trossard
71,7,False,False,1,318423,24,90,0,0,0,0,0.68,0.03,0.71,2.52,2,Justin Kluivert
364,8,False,False,1,318423,24,90,0,0,0,0,0.09,0.58,0.67,2.6,2,Amad Diallo
136,9,False,False,1,318423,24,45,0,0,0,0,0.0,0.01,0.01,0.99,1,Mitoma Kaoru
351,10,False,False,1,318423,24,90,1,0,0,0,0.36,0.03,0.39,1.0,6,Erling Haaland
180,11,False,False,1,318423,24,51,0,0,0,0,0.04,0.02,0.06,0.29,1,Nicolas Jackson
15,12,False,False,1,318423,24,90,0,0,0,0,0.0,0.0,0.0,0.81,3,David Raya Martín
38,13,False,False,1,318423,24,0,0,0,0,0,0.0,0.0,0.0,0.0,0,Jhon Durán
434,14,False,False,1,318423,24,0,0,0,0,0,0.0,0.0,0.0,0.0,0,Callum Hudson-Odoi
187,15,False,False,1,318423,24,90,0,0,0,0,0.24,0.02,0.26,1.22,2,Tosin Adarabioyo
248,1,False,False,1,319681,24,90,0,0,0,0,0.0,0.0,0.0,0.75,2,Bernd Leno
380,2,False,False,1,319681,24,81,0,0,0,0,0.1,0.04,0.14,2.04,2,Lisandro Martínez
395,3,False,False,1,319681,24,90,0,0,0,0,0.12,0.01,0.13,1.56,0,Dan Burn
399,4,False,False,1,319681,24,86,0,0,0,0,0.0,0.08,0.08,1.56,1,Lewis Hall
422,5,False,False,1,319681,24,90,0,0,0,1,0.0,0.03,0.03,0.88,6,Ola Aina
99,6,False,False,1,319681,24,90,0,0,0,0,0.22,0.37,0.59,0.86,2,Bryan Mbeumo
394,7,False,False,1,319681,24,86,0,0,0,0,0.05,0.44,0.49,1.56,2,Bruno Guimarães Rodriguez Moura
247,8,False,False,1,319681,24,78,0,0,0,0,0.0,0.12,0.12,0.7,2,Alex Iwobi
4,9,False,False,1,319681,24,89,1,1,3,0,0.49,0.25,0.74,0.81,12,Kai Havertz
58,10,False,False,1,319681,24,45,0,0,0,0,0.0,0.0,0.0,1.44,1,Ollie Watkins
541,11,False,False,1,319681,24,90,1,0,2,1,0.45,0.24,0.69,0.45,7,Matheus Santos Carneiro da Cunha
383,12,False,False,1,319681,24,90,0,0,0,0,0.0,0.0,0.0,2.6,1,André Onana
36,13,False,False,1,319681,24,45,0,0,0,0,0.0,0.01,0.01,1.44,1,Lucas Digne
17,14,False,False,1,319681,24,0,0,0,0,0,0.0,0.0,0.0,0.0,0,Bukayo Saka
514,15,False,False,1,319681,24,90,1,0,3,0,0.2,0.43,0.63,1.67,10,Jarrod Bowen
47,1,False,False,1,295362,25,180,0,0,0,0,0.0,0.0,0.0,2.81,4,Emiliano Martínez Romero
211,2,False,False,1,295362,25,90,0,0,0,0,0.06,0.03,0.09,0.96,1,Daniel Muñoz Mejía
350,3,False,False,1,295362,25,86,0,0,0,1,0.0,0.03,0.03,0.48,6,Joško Gvardiol
18,4,False,False,1,295362,25,90,0,0,0,1,0.0,0.01,0.01,0.22,6,William Saliba
503,5,False,False,1,295362,25,86,0,0,0,1,0.16,0.14,0.3,1.42,3,Son Heung-min
348,6,False,False,1,295362,25,75,0,0,0,1,0.03,0.19,0.22,0.48,3,Phil Foden
182,7,False,False,1,295362,25,90,0,0,0,0,0.16,0.18,0.34,1.42,2,Cole Palmer
177,8,False,False,1,295362,25,20,0,0,0,0,0.0,0.05,0.05,0.03,1,Noni Madueke
54,9,False,False,1,295362,25,180,0,0,0,0,0.87,0.17,1.04,2.81,4,Morgan Rogers
401,10,False,False,1,295362,25,89,0,0,0,0,0.04,0.0,0.04,1.9,2,Alexander Isak
735,11,False,False,1,295362,25,75,3,0,3,1,0.71,0.16,0.87,0.48,17,Omar Marmoush
581,12,False,False,1,295362,25,90,0,0,0,0,0.0,0.0,0.0,1.42,2,Filip Jörgensen
44,13,False,False,1,295362,25,0,0,0,0,0,0.0,0.0,0.0,0.0,0,Ezri Konsa Ngoyo
415,14,False,False,1,295362,25,90,0,0,0,0,0.0,0.0,0.0,1.9,0,Fabian Schär
129,15,False,False,1,295362,25,17,0,0,0,0,0.33,0.01,0.34,0.0,1,João Pedro Junqueira de Jesus
152,1,False,False,1,302714,25,90,0,0,0,0,0.0,0.0,0.0,0.79,3,Kepa Arrizabalaga Revuelta
339,2,False,False,1,302714,25,180,0,0,0,0,0.02,0.03,0.05,2.23,2,Virgil van Dijk
3,3,False,False,1,302714,25,90,0,0,0,1,0.0,0.04,0.04,0.22,6,Gabriel dos Santos Magalhães
85,4,False,False,1,302714,25,90,0,0,0,0,0.0,0.01,0.01,0.79,2,Illia Zabarnyi
328,5,False,False,1,302714,25,180,2,1,3,0,1.3,0.11,1.41,2.23,20,Mohamed Salah
78,6,False,False,1,302714,25,90,0,1,0,0,0.22,0.06,0.28,0.79,4,Antoine Semenyo
74,7,False,False,1,302714,25,87,1,0,0,0,0.64,0.18,0.82,0.46,7,Dango Ouattara
432,8,False,False,1,302714,25,90,0,0,0,0,0.06,0.04,0.1,2.18,2,Anthony Elanga
398,9,False,False,1,302714,25,72,0,0,0,0,0.0,0.01,0.01,1.28,2,Anthony Gordon
110,10,False,False,1,302714,25,90,0,0,0,1,0.37,0.03,0.4,0.82,2,Yoane Wissa
207,11,False,False,1,302714,25,90,1,0,1,0,0.74,0.5,1.24,0.96,7,Jean-Philippe Mateta
396,12,False,False,1,302714,25,90,0,0,0,0,0.0,0.0,0.0,1.9,1,Martin Dúbravka
252,13,False,False,1,302714,25,75,0,1,0,0,0.51,0.08,0.59,0.3,5,Raúl Jiménez Rodríguez
495,14,False,False,1,302714,25,90,0,0,0,1,0.0,0.15,0.15,1.52,6,Pedro Porro Sauceda
255,15,False,False,1,302714,25,90,0,0,0,0,0.0,0.04,0.04,0.42,2,Antonee Robinson
310,1,False,False,1,307954,25,180,0,0,0,0,0.0,0.0,0.0,2.23,4,Alisson Becker
311,2,False,False,1,307954,25,128,1,0,0,1,0.2,0.17,0.37,1.87,13,Trent Alexander-Arnold
167,3,False,False,1,307954,25,180,0,0,0,0,0.0,0.25,0.25,2.81,2,Axel Disasi
580,4,False,False,1,307954,25,90,0,0,0,0,0.0,0.02,0.02,0.79,2,Dean Huijsen
326,5,False,False,1,307954,25,135,0,0,0,0,0.0,0.06,0.06,1.11,1,Ibrahima Konaté
385,6,False,False,1,307954,25,111,0,1,3,0,0.23,0.82,1.05,1.8,9,Marcus Rashford
336,7,False,False,1,307954,25,180,0,0,0,0,0.25,0.55,0.8,2.23,4,Dominik Szoboszlai
327,8,False,False,1,307954,25,79,1,1,2,0,0.16,0.11,0.27,1.47,13,Luis Díaz Marulanda
13,9,False,False,1,307954,25,90,0,0,0,1,0.05,0.73,0.78,0.22,3,Martin Ødegaard
366,10,False,False,1,307954,25,90,0,0,0,0,0.02,0.17,0.19,2.23,2,Bruno Borges Fernandes
447,11,False,False,1,307954,25,90,1,0,3,0,0.14,0.02,0.16,2.18,9,Chris Wood
443,12,False,False,1,307954,25,90,0,0,0,0,0.0,0.0,0.0,2.18,3,Matz Sels
321,13,False,False,1,307954,25,0,0,0,0,0,0.0,0.0,0.0,0.0,0,Cody Gakpo
409,14,False,False,1,307954,25,45,0,0,0,0,0.0,0.03,0.03,0.8,1,Tino Livramento
268,15,False,False,1,307954,25,79,1,0,2,0,0.29,0.0,0.29,1.85,8,Liam Delap
235,1,False,False,1,318423,25,90,0,0,0,0,0.0,0.0,0.0,1.72,3,Jordan Pickford
238,2,False,False,1,318423,25,11,0,1,0,0,0.05,0.0,0.05,0.3,4,Ashley Young
335,3,False,False,1,318423,25,180,0,0,0,0,0.05,0.37,0.42,2.23,3,Andrew Robertson
6,4,False,False,1,318423,25,90,0,0,0,1,0.0,0.03,0.03,0.22,6,Jurriën Timber
70,5,False,False,1,318423,25,90,0,0,0,0,0.02,0.01,0.03,0.79,2,Milos Kerkez
23,6,False,False,1,318423,25,88,0,1,0,1,0.22,0.2,0.42,0.17,6,Leandro Trossard
71,7,False,False,1,318423,25,76,0,1,0,0,0.02,0.08,0.1,0.46,5,Justin Kluivert
434,8,False,False,1,318423,25,22,0,0,0,0,0.1,0.06,0.16,0.53,1,Callum Hudson-Odoi
136,9,False,False,1,318423,25,90,1,0,2,1,0.21,0.02,0.23,0.54,10,Mitoma Kaoru
351,10,False,False,1,318423,25,86,0,1,0,1,0.17,0.36,0.53,0.48,5,Erling Haaland
180,11,False,False,1,318423,25,0,0,0,0,0,0.0,0.0,0.0,0.0,0,Nicolas Jackson
15,12,False,False,1,318423,25,90,0,0,1,1,0.0,0.0,0.0,0.22,7,David Raya Martín
38,13,False,False,1,318423,25,0,0,0,0,0,0.0,0.0,0.0,0.0,0,Jhon Durán
364,14,False,False,1,318423,25,0,0,0,0,0,0.0,0.0,0.0,0.0,0,Amad Diallo
187,15,False,False,1,318423,25,0,0,0,0,0,0.0,0.0,0.0,0.0,0,Tosin Adarabioyo
383,1,False,False,1,319681,25,90,0,0,0,0,0.0,0.0,0.0,2.23,4,André Onana
200,2,False,False,1,319681,25,90,0,1,0,0,0.07,0.6,0.67,0.96,4,Marc Guéhi
36,3,False,False,1,319681,25,122,0,1,0,0,0.03,0.1,0.13,2.69,5,Lucas Digne
422,4,False,False,1,319681,25,90,0,0,0,0,0.0,0.02,0.02,2.18,1,Ola Aina
395,5,False,False,1,319681,25,90,0,0,0,0,0.0,0.0,0.0,1.9,0,Dan Burn
514,6,False,False,1,319681,25,90,0,0,0,0,0.0,0.05,0.05,1.66,2,Jarrod Bowen
247,7,False,False,1,319681,25,89,0,0,0,0,0.23,0.18,0.41,0.39,2,Alex Iwobi
394,8,False,False,1,319681,25,71,0,0,0,0,0.03,0.02,0.05,1.28,1,Bruno Guimarães Rodriguez Moura
99,9,False,False,1,319681,25,90,0,0,0,1,0.42,0.25,0.67,0.82,3,Bryan Mbeumo
58,10,False,False,1,319681,25,180,2,0,3,0,1.0,0.13,1.13,2.81,15,Ollie Watkins
541,11,False,False,1,319681,25,90,1,0,3,0,0.47,0.17,0.64,1.66,9,Matheus Santos Carneiro da Cunha
91,12,False,False,1,319681,25,90,0,0,3,1,0.0,0.0,0.0,0.82,10,Mark Flekken
4,13,False,False,1,319681,25,0,0,0,0,0,0.0,0.0,0.0,0.0,0,Kai Havertz
17,14,False,False,1,319681,25,0,0,0,0,0,0.0,0.0,0.0,0.0,0,Bukayo Saka
399,15,False,False,1,319681,25,90,0,0,0,0,0.0,0.08,0.08,1.9,0,Lewis Hall
47,1,False,False,1,295362,26,90,0,0,0,0,0.0,0.0,0.0,2.3,3,Emiliano Martínez Romero
18,2,False,False,1,295362,26,85,0,0,0,0,0.0,0.02,0.02,1.07,2,William Saliba
415,3,False,False,1,295362,26,90,0,0,0,0,0.07,0.0,0.07,2.18,1,Fabian Schär
211,4,False,False,1,295362,26,90,1,0,2,1,0.11,0.01,0.12,0.21,13,Daniel Muñoz Mejía
54,5,False,False,1,295362,26,77,0,0,0,0,0.0,0.19,0.19,2.29,2,Morgan Rogers
503,6,False,False,1,295362,26,73,0,2,0,0,0.18,0.26,0.44,1.13,8,Son Heung-min
182,7,False,False,1,295362,26,90,0,0,0,0,0.43,0.27,0.7,2.33,2,Cole Palmer
348,8,False,False,1,295362,26,90,0,0,0,0,0.1,0.05,0.15,0.71,2,Phil Foden
106,9,False,False,1,295362,26,86,0,0,0,1,0.21,0.03,0.24,0.51,3,Kevin Schade
306,10,False,False,1,295362,26,90,0,0,0,0,0.37,0.0,0.37,1.52,2,Jamie Vardy
401,11,False,False,1,295362,26,86,2,0,3,0,0.97,0.01,0.98,1.6,13,Alexander Isak
581,12,False,False,1,295362,26,90,0,0,0,0,0.0,0.0,0.0,2.33,2,Filip Jörgensen
44,13,False,False,1,295362,26,90,0,0,0,0,0.0,0.01,0.01,2.3,2,Ezri Konsa Ngoyo
350,14,False,False,1,295362,26,90,0,0,0,0,0.0,0.05,0.05,0.71,1,Joško Gvardiol
735,15,False,False,1,295362,26,76,0,0,0,0,0.13,0.11,0.24,0.55,2,Omar Marmoush
152,1,False,False,1,302714,26,90,0,0,0,0,0.0,0.0,0.0,2.0,2,Kepa Arrizabalaga Revuelta
3,2,False,False,1,302714,26,90,0,0,0,0,0.14,0.09,0.23,1.07,2,Gabriel dos Santos Magalhães
85,3,False,False,1,302714,26,30,0,0,0,0,0.0,0.0,0.0,0.46,-2,Illia Zabarnyi
495,4,False,False,1,302714,26,25,0,0,0,0,0.0,0.0,0.0,0.13,1,Pedro Porro Sauceda
328,5,False,False,1,302714,26,90,1,1,3,1,0.21,0.37,0.58,0.63,14,Mohamed Salah
78,6,False,False,1,302714,26,90,0,0,0,0,0.06,0.32,0.38,2.0,2,Antoine Semenyo
74,7,False,False,1,302714,26,88,0,0,0,0,0.07,0.11,0.18,1.94,2,Dango Ouattara
398,8,False,False,1,302714,26,90,0,0,0,0,0.45,0.04,0.49,2.18,2,Anthony Gordon
89,9,False,False,1,302714,26,71,0,2,1,1,0.0,0.5,0.5,0.45,10,Mikkel Damsgaard
110,10,False,False,1,302714,26,90,1,0,2,1,0.58,0.02,0.59,0.51,8,Yoane Wissa
207,11,False,False,1,302714,26,90,0,1,0,1,0.39,0.04,0.43,0.21,5,Jean-Philippe Mateta
396,12,False,False,1,302714,26,0,0,0,0,0,0.0,0.0,0.0,0.0,0,Martin Dúbravka
252,13,False,False,1,302714,26,90,0,0,0,0,0.05,0.07,0.12,1.29,2,Raúl Jiménez Rodríguez
255,14,False,False,1,302714,26,90,0,0,0,0,0.01,0.05,0.06,1.29,1,Antonee Robinson
339,15,False,False,1,302714,26,90,0,0,0,1,0.0,0.0,0.0,0.63,6,Virgil van Dijk
310,1,False,False,1,307954,26,90,0,0,1,1,0.0,0.0,0.0,0.63,8,Alisson Becker
578,2,False,False,1,307954,26,55,0,0,0,0,0.09,0.04,0.13,1.04,1,Riccardo Calafiori
580,3,False,False,1,307954,26,90,0,0,0,0,0.0,0.01,0.01,2.0,2,Dean Huijsen
231,4,False,False,1,307954,26,90,0,0,0,0,0.0,0.04,0.04,0.41,1,Vitalii Mykolenko
494,5,False,False,1,307954,26,26,0,1,0,0,0.0,0.07,0.07,0.13,4,James Maddison
366,6,False,False,1,307954,26,90,1,0,3,0,0.12,0.31,0.43,1.91,10,Bruno Borges Fernandes
327,7,False,False,1,307954,26,78,0,0,0,1,0.03,0.02,0.05,0.63,3,Luis Díaz Marulanda
13,8,False,False,1,307954,26,90,0,0,0,0,0.08,0.22,0.3,1.07,2,Martin Ødegaard
385,9,False,False,1,307954,26,45,0,2,2,0,0.06,0.94,1.0,0.77,9,Marcus Rashford
268,10,False,False,1,307954,26,78,0,0,0,0,0.33,0.02,0.35,1.67,2,Liam Delap
447,11,False,False,1,307954,26,90,0,1,0,0,0.02,0.68,0.7,3.05,5,Chris Wood
443,12,False,False,1,307954,26,90,0,0,0,0,0.0,0.0,0.0,3.05,0,Matz Sels
311,13,False,False,1,307954,26,90,0,0,0,1,0.0,0.02,0.02,0.63,6,Trent Alexander-Arnold
326,14,False,False,1,307954,26,90,0,0,0,1,0.06,0.0,0.06,0.63,6,Ibrahima Konaté
321,15,False,False,1,307954,26,11,0,0,0,0,0.0,0.0,0.0,0.0,1,Cody Gakpo
235,1,False,False,1,318423,26,90,0,0,0,0,0.0,0.01,0.01,0.41,1,Jordan Pickford
574,2,False,False,1,318423,26,90,1,0,0,0,0.37,0.01,0.38,3.05,5,Nikola Milenković
335,3,False,False,1,318423,26,73,0,0,0,1,0.15,0.0,0.15,0.42,6,Andrew Robertson
6,4,False,False,1,318423,26,90,0,0,0,0,0.0,0.04,0.04,1.07,2,Jurriën Timber
70,5,False,False,1,318423,26,90,0,0,0,0,0.0,0.06,0.06,2.0,1,Milos Kerkez
187,6,False,False,1,318423,26,82,0,0,0,0,0.0,0.01,0.01,2.33,1,Tosin Adarabioyo
23,7,False,False,1,318423,26,90,0,0,0,0,0.31,0.22,0.53,1.07,2,Leandro Trossard
71,8,False,False,1,318423,26,72,0,0,0,0,0.31,0.06,0.37,1.91,2,Justin Kluivert
135,9,False,False,1,318423,26,90,0,1,0,1,0.37,0.33,0.7,0.13,6,Yankuba Minteh
136,10,False,False,1,318423,26,78,1,0,0,1,0.94,0.02,0.96,0.13,8,Mitoma Kaoru
218,11,False,False,1,318423,26,90,1,0,0,0,0.42,0.08,0.5,0.41,6,Norberto Bercique Gomes Betuncal
15,12,False,False,1,318423,26,90,0,0,0,0,0.0,0.0,0.0,1.07,2,David Raya Martín
148,13,False,False,1,318423,26,0,0,0,0,0,0.0,0.0,0.0,0.0,0,Danny Welbeck
364,14,False,False,1,318423,26,0,0,0,0,0,0.0,0.0,0.0,0.0,0,Amad Diallo
351,15,False,False,1,318423,26,0,0,0,0,0,0.0,0.0,0.0,0.0,0,Erling Haaland
383,1,False,False,1,319681,26,90,0,0,0,0,0.0,0.0,0.0,1.91,3,André Onana
200,2,False,False,1,319681,26,90,0,0,0,1,0.0,0.01,0.01,0.21,5,Marc Guéhi
395,3,False,False,1,319681,26,90,0,0,0,0,0.0,0.0,0.0,2.18,1,Dan Burn
422,4,False,False,1,319681,26,90,0,0,0,0,0.01,0.07,0.08,3.05,0,Ola Aina
399,5,False,False,1,319681,26,90,0,2,2,0,0.0,0.22,0.22,2.18,9,Lewis Hall
514,6,False,False,1,319681,26,81,1,0,2,1,0.92,0.02,0.94,0.83,10,Jarrod Bowen
247,7,False,False,1,319681,26,79,0,0,0,0,0.01,0.07,0.08,1.29,2,Alex Iwobi
394,8,False,False,1,319681,26,90,0,0,0,0,0.08,0.03,0.11,2.18,2,Bruno Guimarães Rodriguez Moura
99,9,False,False,1,319681,26,90,1,1,3,1,0.19,0.71,0.9,0.51,14,Bryan Mbeumo
58,10,False,False,1,319681,26,76,0,0,0,0,0.81,0.0,0.81,2.29,2,Ollie Watkins
541,11,False,False,1,319681,26,88,1,0,3,1,0.71,0.24,0.95,0.62,9,Matheus Santos Carneiro da Cunha
91,12,False,False,1,319681,26,90,0,0,0,1,0.0,0.01,0.01,0.51,7,Mark Flekken
36,13,False,False,1,319681,26,0,0,0,0,0,0.0,0.0,0.0,0.0,0,Lucas Digne
17,14,False,False,1,319681,26,0,0,0,0,0,0.0,0.0,0.0,0.0,0,Bukayo Saka
4,15,False,False,1,319681,26,0,0,0,0,0,0.0,0.0,0.0,0.0,0,Kai Havertz
581,1,False,False,1,295362,27,90,0,0,0,1,0.0,0.0,0.0,0.72,6,Filip Jörgensen
350,2,False,False,1,295362,27,90,0,0,1,1,0.0,0.02,0.02,1.33,7,Joško Gvardiol
211,3,False,False,1,295362,27,90,0,1,0,0,0.03,0.05,0.08,0.38,4,Daniel Muñoz Mejía
18,4,False,False,1,295362,27,90,0,0,2,1,0.19,0.02,0.21,0.4,8,William Saliba
503,5,False,False,1,295362,27,23,0,0,0,0,0.26,0.2,0.46,0.05,1,Son Heung-min
348,6,False,False,1,295362,27,16,0,0,0,0,0.0,0.01,0.01,0.5,1,Phil Foden
182,7,False,False,1,295362,27,90,0,0,0,1,1.3,0.1,1.4,0.72,3,Cole Palmer
560,8,False,False,1,295362,27,67,1,1,0,1,0.06,0.24,0.3,0.57,11,Pedro Lomba Neto
54,9,False,False,1,295362,27,90,1,0,0,0,0.13,0.02,0.15,4.31,7,Morgan Rogers
735,10,False,False,1,295362,27,73,0,0,0,1,0.05,0.02,0.07,0.83,2,Omar Marmoush
306,11,False,False,1,295362,27,90,0,0,0,0,0.0,0.01,0.01,1.33,2,Jamie Vardy
47,12,False,False,1,295362,27,45,0,0,0,0,0.0,0.0,0.0,2.19,1,Emiliano Martínez Romero
401,13,False,False,1,295362,27,0,0,0,0,0,0.0,0.0,0.0,0.0,0,Alexander Isak
533,14,False,False,1,295362,27,90,0,0,0,0,0.11,0.06,0.17,1.69,1,Rayan Aït-Nouri
415,15,False,False,1,295362,27,90,0,0,0,0,0.0,0.01,0.01,1.7,1,Fabian Schär
513,1,False,False,1,302714,27,90,0,0,0,1,0.0,0.0,0.0,0.38,6,Alphonse Areola
162,2,False,False,1,302714,27,90,1,0,2,1,0.14,0.03,0.17,0.72,14,Levi Samuels Colwill
163,3,False,False,1,302714,27,90,1,0,3,1,0.37,0.06,0.43,0.72,15,Marc Cucurella Saseta
255,4,False,False,1,302714,27,18,0,0,0,0,0.0,0.01,0.01,0.13,0,Antonee Robinson
328,5,False,False,1,302714,27,90,0,1,0,1,0.15,0.32,0.47,0.23,6,Mohamed Salah
78,6,False,False,1,302714,27,90,0,0,0,0,0.23,0.24,0.47,2.42,1,Antoine Semenyo
274,7,False,False,1,302714,27,65,0,0,0,0,0.0,0.03,0.03,0.72,2,Omari Giraud-Hutchinson
89,8,False,False,1,302714,27,90,0,0,0,0,0.14,0.34,0.48,1.37,2,Mikkel Damsgaard
129,9,False,False,1,302714,27,71,1,0,2,0,0.79,0.02,0.81,1.1,8,João Pedro Junqueira de Jesus
110,10,False,False,1,302714,27,90,1,0,3,0,1.0,0.02,1.02,1.37,9,Yoane Wissa
207,11,False,False,1,302714,27,90,1,0,2,0,0.41,0.03,0.44,0.38,8,Jean-Philippe Mateta
152,12,False,False,1,302714,27,90,0,0,0,0,0.06,0.01,0.07,2.42,1,Kepa Arrizabalaga Revuelta
339,13,False,False,1,302714,27,90,0,0,1,1,0.0,0.02,0.02,0.23,7,Virgil van Dijk
398,14,False,False,1,302714,27,90,0,0,0,0,0.04,0.11,0.15,1.7,2,Anthony Gordon
3,15,False,False,1,302714,27,90,0,0,1,1,0.0,0.01,0.01,0.4,7,Gabriel dos Santos Magalhães
310,1,False,False,1,307954,27,90,0,0,0,1,0.0,0.0,0.0,0.23,6,Alisson Becker
311,2,False,False,1,307954,27,76,0,0,0,1,0.0,0.02,0.02,0.23,6,Trent Alexander-Arnold
231,3,False,False,1,307954,27,90,0,1,1,0,0.0,0.24,0.24,1.48,6,Vitalii Mykolenko
326,4,False,False,1,307954,27,90,0,0,0,1,0.0,0.01,0.01,0.23,6,Ibrahima Konaté
385,5,False,False,1,307954,27,22,0,0,0,0,0.0,0.0,0.0,1.74,1,Marcus Rashford
742,6,False,False,1,307954,27,22,0,0,0,0,0.0,0.01,0.01,1.74,1,Marco Asensio
327,7,False,False,1,307954,27,86,0,1,2,1,0.37,0.23,0.6,0.23,8,Luis Díaz Marulanda
366,8,False,False,1,307954,27,90,0,2,2,0,0.0,0.3,0.3,1.43,10,Bruno Borges Fernandes
13,9,False,False,1,307954,27,84,0,0,0,1,0.0,0.23,0.23,0.3,3,Martin Ødegaard
447,10,False,False,1,307954,27,84,0,0,0,1,0.16,0.0,0.16,0.93,2,Chris Wood
268,11,False,False,1,307954,27,90,0,0,0,0,0.14,0.0,0.14,0.72,1,Liam Delap
443,12,False,False,1,307954,27,90,0,0,0,1,0.0,0.0,0.0,0.99,6,Matz Sels
321,13,False,False,1,307954,27,28,0,0,0,0,0.52,0.01,0.53,0.0,1,Cody Gakpo
172,14,False,False,1,307954,27,0,0,0,0,0,0.0,0.0,0.0,0.0,0,Reece James
580,15,False,False,1,307954,27,90,0,0,0,0,0.0,0.01,0.01,2.42,1,Dean Huijsen
235,1,False,False,1,318423,27,90,0,0,0,0,0.0,0.0,0.0,1.48,2,Jordan Pickford
574,2,False,False,1,318423,27,90,0,0,0,1,0.0,0.06,0.06,0.99,5,Nikola Milenković
70,3,False,False,1,318423,27,90,0,1,0,0,0.0,0.02,0.02,2.42,4,Milos Kerkez
6,4,False,False,1,318423,27,84,0,0,0,1,0.0,0.02,0.02,0.3,6,Jurriën Timber
23,5,False,False,1,318423,27,90,0,0,0,1,0.04,0.07,0.11,0.4,3,Leandro Trossard
71,6,False,False,1,318423,27,90,1,0,3,0,0.14,0.34,0.48,2.42,10,Justin Kluivert
433,7,False,False,1,318423,27,90,0,0,0,1,0.0,0.13,0.13,0.99,3,Morgan Gibbs-White
135,8,False,False,1,318423,27,90,0,0,0,0,0.06,0.16,0.22,1.46,2,Yankuba Minteh
136,9,False,False,1,318423,27,90,0,0,0,0,0.62,0.09,0.71,1.46,2,Mitoma Kaoru
351,10,False,False,1,318423,27,90,1,0,2,1,1.38,0.03,1.41,1.33,8,Erling Haaland
218,11,False,False,1,318423,27,90,0,0,0,0,0.62,0.01,0.63,1.48,2,Norberto Bercique Gomes Betuncal
15,12,False,False,1,318423,27,90,0,0,0,1,0.0,0.0,0.0,0.4,6,David Raya Martín
148,13,False,False,1,318423,27,18,1,0,2,0,0.37,0.0,0.37,0.36,7,Danny Welbeck
335,14,False,False,1,318423,27,0,0,0,0,0,0.0,0.0,0.0,0.0,0,Andrew Robertson
187,15,False,False,1,318423,27,90,0,1,0,1,0.04,0.02,0.06,0.72,9,Tosin Adarabioyo
383,1,False,False,1,319681,27,90,0,0,0,0,0.0,0.0,0.0,1.43,1,André Onana
36,2,False,False,1,319681,27,77,0,0,0,0,0.0,0.45,0.45,3.31,1,Lucas Digne
200,3,False,False,1,319681,27,90,0,0,0,0,0.0,0.0,0.0,0.38,2,Marc Guéhi
422,4,False,False,1,319681,27,90,0,0,0,1,0.0,0.01,0.01,0.99,6,Ola Aina
399,5,False,False,1,319681,27,90,0,0,0,0,0.0,0.02,0.02,1.7,1,Lewis Hall
514,6,False,False,1,319681,27,90,0,1,0,1,0.08,0.07,0.15,0.38,6,Jarrod Bowen
99,7,False,False,1,319681,27,90,0,1,0,0,0.31,0.04,0.34,1.37,5,Bryan Mbeumo
394,8,False,False,1,319681,27,87,0,0,0,0,0.0,0.02,0.02,1.22,2,Bruno Guimarães Rodriguez Moura
247,9,False,False,1,319681,27,23,0,0,0,0,0.04,0.04,0.08,0.15,1,Alex Iwobi
58,10,False,False,1,319681,27,67,0,1,0,0,0.0,0.03,0.03,2.57,5,Ollie Watkins
541,11,False,False,1,319681,27,90,0,0,0,0,0.35,0.09,0.44,1.69,2,Matheus Santos Carneiro da Cunha
91,12,False,False,1,319681,27,90,0,0,0,0,0.0,0.01,0.01,1.37,3,Mark Flekken
395,13,False,False,1,319681,27,90,0,0,0,0,0.0,0.0,0.0,1.7,1,Dan Burn
17,14,False,False,1,319681,27,0,0,0,0,0,0.0,0.0,0.0,0.0,0,Bukayo Saka
82,15,False,False,1,319681,27,0,0,0,0,0,0.0,0.0,0.0,0.0,0,Dominic Solanke-Mitchell
581,1,False,False,1,295362,28,0,0,0,0,0,0.0,0.0,0.0,0.0,0,Filip Jörgensen
350,2,False,False,1,295362,28,90,0,0,0,0,0.0,0.18,0.18,0.73,2,Joško Gvardiol
211,3,False,False,1,295362,28,90,0,0,0,1,0.44,0.03,0.47,1.48,6,Daniel Muñoz Mejía
533,4,False,False,1,295362,28,90,0,0,0,0,0.06,0.14,0.2,1.41,2,Rayan Aït-Nouri
503,5,False,False,1,295362,28,45,1,0,0,0,0.81,0.04,0.85,1.0,6,Son Heung-min
54,6,False,False,1,295362,28,90,0,0,0,1,0.08,0.02,0.1,0.83,3,Morgan Rogers
182,7,False,False,1,295362,28,72,0,0,0,1,1.05,0.17,1.22,0.06,1,Cole Palmer
348,8,False,False,1,295362,28,68,0,0,0,1,0.16,0.11,0.27,0.46,3,Phil Foden
560,9,False,False,1,295362,28,90,0,0,0,1,0.07,0.14,0.21,0.1,3,Pedro Lomba Neto
735,10,False,False,1,295362,28,21,0,0,0,0,0.0,0.01,0.01,0.27,1,Omar Marmoush
401,11,False,False,1,295362,28,78,0,0,0,1,0.36,0.03,0.39,0.4,2,Alexander Isak
47,12,False,False,1,295362,28,0,0,0,0,0,0.0,0.0,0.0,0.0,0,Emiliano Martínez Romero
18,13,False,False,1,295362,28,90,0,0,0,0,0.0,0.02,0.02,1.52,2,William Saliba
415,14,False,False,1,295362,28,90,0,0,0,1,0.0,0.01,0.01,0.45,6,Fabian Schär
306,15,False,False,1,295362,28,90,0,0,0,0,0.02,0.0,0.02,1.78,2,Jamie Vardy
413,1,False,False,1,302714,28,90,0,0,0,1,0.0,0.0,0.0,0.45,6,Nick Pope
162,2,False,False,1,302714,28,90,0,0,0,1,0.02,0.05,0.07,0.1,6,Levi Samuels Colwill
163,3,False,False,1,302714,28,90,1,0,3,1,0.09,0.09,0.18,0.1,15,Marc Cucurella Saseta
339,4,False,False,1,302714,28,90,0,0,0,0,0.0,0.03,0.03,0.36,2,Virgil van Dijk
3,5,False,False,1,302714,28,90,0,0,0,0,0.0,0.03,0.03,1.52,2,Gabriel dos Santos Magalhães
328,6,False,False,1,302714,28,90,2,0,3,0,1.96,0.23,2.19,0.36,15,Mohamed Salah
199,7,False,False,1,302714,28,90,0,0,0,1,0.58,0.02,0.6,1.48,3,Eberechi Eze
402,8,False,False,1,302714,28,90,0,0,0,1,0.08,0.06,0.14,0.45,3,Jacob Murphy
89,9,False,False,1,302714,28,90,0,0,0,0,0.0,0.08,0.08,1.33,2,Mikkel Damsgaard
129,10,False,False,1,302714,28,90,1,0,3,0,1.12,0.26,1.38,0.9,9,João Pedro Junqueira de Jesus
110,11,False,False,1,302714,28,90,0,0,0,0,0.3,0.09,0.39,1.33,2,Yoane Wissa
152,12,False,False,1,302714,28,90,0,0,0,0,0.0,0.0,0.0,1.53,1,Kepa Arrizabalaga Revuelta
78,13,False,False,1,302714,28,89,0,0,0,0,0.09,0.05,0.14,1.49,1,Antoine Semenyo
255,14,False,False,1,302714,28,90,0,0,0,0,0.0,0.05,0.05,1.54,0,Antonee Robinson
207,15,False,False,1,302714,28,0,0,0,0,0,0.0,0.0,0.0,0.0,0,Jean-Philippe Mateta
310,1,False,False,1,307954,28,90,0,0,0,0,0.0,0.0,0.0,0.36,3,Alisson Becker
311,2,False,False,1,307954,28,88,0,0,0,0,0.24,0.1,0.34,0.36,2,Trent Alexander-Arnold
580,3,False,False,1,307954,28,90,0,0,0,0,0.15,0.01,0.16,1.53,0,Dean Huijsen
326,4,False,False,1,307954,28,90,0,0,0,0,0.0,0.01,0.01,0.36,2,Ibrahima Konaté
231,5,False,False,1,307954,28,90,0,0,0,0,0.0,0.0,0.0,0.77,2,Vitalii Mykolenko
385,6,False,False,1,307954,28,22,0,0,0,0,0.0,0.0,0.0,0.52,1,Marcus Rashford
327,7,False,False,1,307954,28,90,0,1,1,0,0.21,0.81,1.02,0.36,6,Luis Díaz Marulanda
366,8,False,False,1,307954,28,90,1,0,2,0,0.36,0.05,0.41,1.62,9,Bruno Borges Fernandes
13,9,False,False,1,307954,28,90,0,0,1,0,0.42,0.47,0.89,1.52,3,Martin Ødegaard
447,10,False,False,1,307954,28,86,0,0,0,1,0.25,0.01,0.26,0.79,2,Chris Wood
268,11,False,False,1,307954,28,82,0,0,0,0,0.11,0.02,0.13,3.12,2,Liam Delap
443,12,False,False,1,307954,28,90,0,0,1,1,0.0,0.01,0.01,0.86,8,Matz Sels
742,13,False,False,1,307954,28,0,0,0,0,0,0.0,0.0,0.0,0.0,0,Marco Asensio
172,14,False,False,1,307954,28,0,0,0,0,0,0.0,0.0,0.0,0.0,0,Reece James
321,15,False,False,1,307954,28,0,0,0,0,0,0.0,0.0,0.0,0.0,0,Cody Gakpo
235,1,False,False,1,318423,28,90,0,0,0,0,0.0,0.01,0.01,0.77,2,Jordan Pickford
70,2,False,False,1,318423,28,90,0,1,0,0,0.02,0.07,0.09,1.53,4,Milos Kerkez
335,3,False,False,1,318423,28,45,0,0,0,0,0.09,0.01,0.1,0.1,1,Andrew Robertson
187,4,False,False,1,318423,28,90,0,0,1,1,0.02,0.02,0.04,0.1,7,Tosin Adarabioyo
71,5,False,False,1,318423,28,90,0,1,0,0,0.37,0.33,0.7,1.53,5,Justin Kluivert
433,6,False,False,1,318423,28,90,0,1,0,1,0.34,0.02,0.36,0.86,5,Morgan Gibbs-White
135,7,False,False,1,318423,28,76,0,0,0,0,0.03,0.06,0.09,0.69,2,Yankuba Minteh
136,8,False,False,1,318423,28,85,0,0,0,0,0.0,0.05,0.05,0.84,2,Mitoma Kaoru
148,9,False,False,1,318423,28,13,0,0,0,0,0.21,0.18,0.39,0.21,1,Danny Welbeck
351,10,False,False,1,318423,28,90,0,0,0,0,0.15,0.03,0.18,0.73,2,Erling Haaland
218,11,False,False,1,318423,28,90,0,0,0,0,0.71,0.0,0.71,0.77,2,Norberto Bercique Gomes Betuncal
15,12,False,False,1,318423,28,90,0,0,0,0,0.0,0.0,0.0,1.52,3,David Raya Martín
574,13,False,False,1,318423,28,90,0,0,0,1,0.0,0.0,0.0,0.86,6,Nikola Milenković
6,14,False,False,1,318423,28,90,0,1,0,0,0.0,0.07,0.07,1.52,5,Jurriën Timber
23,15,False,False,1,318423,28,90,0,0,0,0,0.64,0.09,0.73,1.52,1,Leandro Trossard
91,1,False,False,1,319681,28,90,0,0,0,0,0.0,0.0,0.0,1.33,3,Mark Flekken
200,2,False,False,1,319681,28,90,0,0,0,1,0.0,0.08,0.08,1.48,5,Marc Guéhi
36,3,False,False,1,319681,28,90,0,0,0,1,0.0,0.04,0.04,0.83,6,Lucas Digne
422,4,False,False,1,319681,28,90,0,0,0,1,0.0,0.02,0.02,0.86,6,Ola Aina
395,5,False,False,1,319681,28,90,0,0,0,1,0.0,0.1,0.1,0.45,5,Dan Burn
514,6,False,False,1,319681,28,90,0,0,0,0,0.12,0.01,0.13,1.38,2,Jarrod Bowen
247,7,False,False,1,319681,28,88,0,1,0,0,0.15,0.06,0.21,0.71,5,Alex Iwobi
394,8,False,False,1,319681,28,87,1,0,3,1,0.48,0.16,0.64,0.4,11,Bruno Guimarães Rodriguez Moura
99,9,False,False,1,319681,28,90,0,0,0,0,0.05,0.08,0.13,1.33,2,Bryan Mbeumo
58,10,False,False,1,319681,28,90,1,0,3,1,0.56,0.01,0.57,0.83,9,Ollie Watkins
82,11,False,False,1,319681,28,90,0,0,0,0,0.12,0.01,0.13,2.2,2,Dominic Solanke-Mitchell
383,12,False,False,1,319681,28,90,0,0,0,0,0.0,0.0,0.0,1.62,3,André Onana
399,13,False,False,1,319681,28,0,0,0,0,0,0.0,0.0,0.0,0.0,0,Lewis Hall
17,14,False,False,1,319681,28,0,0,0,0,0,0.0,0.0,0.0,0.0,0,Bukayo Saka
541,15,False,False,1,319681,28,0,0,0,0,0,0.0,0.0,0.0,0.0,0,Matheus Santos Carneiro da Cunha
347,1,False,False,1,295362,29,0,0,0,0,0,0.0,0.0,0.0,0.0,0,Ederson Santana de Moraes
350,2,False,False,1,295362,29,90,0,0,0,0,0.0,0.05,0.05,2.04,1,Joško Gvardiol
437,3,False,False,1,295362,29,90,0,0,0,0,0.07,0.02,0.09,0.42,1,Neco Williams
533,4,False,False,1,295362,29,79,0,0,0,0,0.05,0.01,0.06,1.37,2,Rayan Aït-Nouri
18,5,False,False,1,295362,29,90,0,0,3,1,0.0,0.01,0.01,0.36,9,William Saliba
503,6,False,False,1,295362,29,45,0,0,0,0,0.05,0.15,0.2,0.6,1,Son Heung-min
182,7,False,False,1,295362,29,0,0,0,0,0,0.0,0.0,0.0,0.0,0,Cole Palmer
348,8,False,False,1,295362,29,14,0,0,0,0,0.0,0.0,0.0,0.49,1,Phil Foden
560,9,False,False,1,295362,29,90,0,0,0,0,0.08,0.06,0.14,0.71,1,Pedro Lomba Neto
735,10,False,False,1,295362,29,85,1,1,3,0,0.1,0.15,0.25,2.04,12,Omar Marmoush
617,11,False,False,1,295362,29,90,0,0,0,0,0.43,0.1,0.53,0.83,2,Francisco Evanilson de Lima Barbosa
47,12,False,False,1,295362,29,0,0,0,0,0,0.0,0.0,0.0,0.0,0,Emiliano Martínez Romero
54,13,False,False,1,295362,29,0,0,0,0,0,0.0,0.0,0.0,0.0,0,Morgan Rogers
211,14,False,False,1,295362,29,0,0,0,0,0,0.0,0.0,0.0,0.0,0,Daniel Muñoz Mejía
401,15,False,False,1,295362,29,0,0,0,0,0,0.0,0.0,0.0,0.0,0,Alexander Isak
554,1,False,False,1,302714,29,90,0,0,0,0,0.0,0.0,0.0,1.37,2,José Malheiro de Sá
436,2,False,False,1,302714,29,90,0,0,0,0,0.0,0.01,0.01,0.42,1,Murillo Costa dos Santos
236,3,False,False,1,302714,29,90,0,0,0,0,0.0,0.02,0.02,0.83,2,James Tarkowski
559,4,False,False,1,302714,29,89,0,0,0,0,0.0,0.01,0.01,1.37,2,Nélson Cabral Semedo
3,5,False,False,1,302714,29,90,0,0,0,1,0.0,0.01,0.01,0.36,5,Gabriel dos Santos Magalhães
83,6,False,False,1,302714,29,90,0,0,0,0,0.16,0.06,0.22,0.83,1,Marcus Tavernier
633,7,False,False,1,302714,29,90,1,0,1,1,0.17,0.04,0.21,0.36,9,Mikel Merino Zazón
78,8,False,False,1,302714,29,90,0,0,0,0,0.44,0.07,0.51,0.83,1,Antoine Semenyo
89,9,False,False,1,302714,29,84,0,0,0,0,0.07,0.05,0.12,1.6,2,Mikkel Damsgaard
129,10,False,False,1,302714,29,90,0,0,0,0,0.27,0.13,0.4,1.72,1,João Pedro Junqueira de Jesus
110,11,False,False,1,302714,29,90,1,0,2,0,0.17,0.08,0.25,1.67,8,Yoane Wissa
152,12,False,False,1,302714,29,90,0,0,0,0,0.0,0.0,0.0,0.83,1,Kepa Arrizabalaga Revuelta
207,13,False,False,1,302714,29,0,0,0,0,0,0.0,0.0,0.0,0.0,0,Jean-Philippe Mateta
328,14,False,False,1,302714,29,0,0,0,0,0,0.0,0.0,0.0,0.0,0,Mohamed Salah
339,15,False,False,1,302714,29,0,0,0,0,0,0.0,0.0,0.0,0.0,0,Virgil van Dijk
443,1,False,False,1,307954,29,90,0,0,0,0,0.0,0.0,0.0,0.42,1,Matz Sels
369,2,False,False,1,307954,29,90,0,1,2,1,0.03,0.04,0.07,1.17,11,Diogo Dalot Teixeira
580,3,False,False,1,307954,29,90,0,0,0,0,0.04,0.31,0.35,0.83,1,Dean Huijsen
231,4,False,False,1,307954,29,90,0,0,0,0,0.0,0.13,0.13,0.83,2,Vitalii Mykolenko
432,5,False,False,1,307954,29,66,2,0,3,1,0.55,0.01,0.56,0.3,16,Anthony Elanga
366,6,False,False,1,307954,29,90,1,2,3,1,0.23,0.18,0.41,1.17,17,Bruno Borges Fernandes
13,7,False,False,1,307954,29,89,0,1,0,1,0.09,0.21,0.3,0.36,5,Martin Ødegaard
434,8,False,False,1,307954,29,80,0,0,0,1,0.0,0.29,0.29,0.34,3,Callum Hudson-Odoi
389,9,False,False,1,307954,29,21,0,0,0,0,0.0,0.0,0.0,0.45,1,Joshua Zirkzee
268,10,False,False,1,307954,29,78,0,0,0,0,0.16,0.02,0.18,1.01,2,Liam Delap
447,11,False,False,1,307954,29,79,0,0,0,1,0.16,0.01,0.17,0.34,2,Chris Wood
310,12,False,False,1,307954,29,0,0,0,0,0,0.0,0.0,0.0,0.0,0,Alisson Becker
311,13,False,False,1,307954,29,0,0,0,0,0,0.0,0.0,0.0,0.0,0,Trent Alexander-Arnold
326,14,False,False,1,307954,29,0,0,0,0,0,0.0,0.0,0.0,0.0,0,Ibrahima Konaté
327,15,False,False,1,307954,29,0,0,0,0,0,0.0,0.0,0.0,0.0,0,Luis Díaz Marulanda
235,1,False,False,1,318423,29,90,0,0,0,0,0.0,0.0,0.0,0.83,3,Jordan Pickford
187,2,False,False,1,318423,29,4,0,0,0,0,0.0,0.01,0.01,0.0,1,Tosin Adarabioyo
574,3,False,False,1,318423,29,90,1,1,1,0,0.14,0.0,0.14,0.42,11,Nikola Milenković
70,4,False,False,1,318423,29,90,0,1,0,0,0.02,0.05,0.07,0.83,4,Milos Kerkez
6,5,False,False,1,318423,29,90,0,0,3,1,0.0,0.02,0.02,0.36,9,Jurriën Timber
71,6,False,False,1,318423,29,78,0,0,0,0,0.0,0.48,0.48,0.78,2,Justin Kluivert
433,7,False,False,1,318423,29,88,0,1,0,0,0.0,0.1,0.1,0.4,5,Morgan Gibbs-White
136,8,False,False,1,318423,29,82,0,0,0,0,0.41,0.07,0.48,1.72,1,Mitoma Kaoru
351,9,False,False,1,318423,29,90,1,0,1,0,0.95,0.03,0.98,2.04,7,Erling Haaland
148,10,False,False,1,318423,29,15,0,0,0,0,0.0,0.0,0.0,0.24,1,Danny Welbeck
218,11,False,False,1,318423,29,79,0,0,0,0,0.11,0.01,0.12,0.83,2,Norberto Bercique Gomes Betuncal
15,12,False,False,1,318423,29,90,0,0,0,1,0.0,0.0,0.0,0.36,6,David Raya Martín
335,13,False,False,1,318423,29,0,0,0,0,0,0.0,0.0,0.0,0.0,0,Andrew Robertson
585,14,False,False,1,318423,29,0,0,0,0,0,0.0,0.0,0.0,0.0,0,Ismaïla Sarr
571,15,False,False,1,318423,29,57,0,0,0,0,0.35,0.01,0.36,1.31,0,Sávio Moreira de Oliveira
383,1,False,False,1,319681,29,90,0,0,0,1,0.0,0.0,0.0,1.17,7,André Onana
395,2,False,False,1,319681,29,0,0,0,0,0,0.0,0.0,0.0,0.0,0,Dan Burn
200,3,False,False,1,319681,29,0,0,0,0,0,0.0,0.0,0.0,0.0,0,Marc Guéhi
422,4,False,False,1,319681,29,90,0,0,0,0,0.01,0.01,0.02,0.42,1,Ola Aina
399,5,False,False,1,319681,29,0,0,0,0,0,0.0,0.0,0.0,0.0,0,Lewis Hall
514,6,False,False,1,319681,29,90,0,1,0,0,0.24,0.06,0.3,1.0,5,Jarrod Bowen
99,7,False,False,1,319681,29,90,0,1,1,0,0.12,0.32,0.44,1.67,6,Bryan Mbeumo
394,8,False,False,1,319681,29,0,0,0,0,0,0.0,0.0,0.0,0.0,0,Bruno Guimarães Rodriguez Moura
247,9,False,False,1,319681,29,62,0,0,0,1,0.12,0.02,0.14,0.26,3,Alex Iwobi
58,10,False,False,1,319681,29,0,0,0,0,0,0.0,0.0,0.0,0.0,0,Ollie Watkins
82,11,False,False,1,319681,29,90,0,0,0,0,0.61,0.0,0.61,0.97,2,Dominic Solanke-Mitchell
91,12,False,False,1,319681,29,90,0,0,0,0,0.0,0.0,0.0,1.67,3,Mark Flekken
36,13,False,False,1,319681,29,0,0,0,0,0,0.0,0.0,0.0,0.0,0,Lucas Digne
17,14,False,False,1,319681,29,0,0,0,0,0,0.0,0.0,0.0,0.0,0,Bukayo Saka
541,15,False,False,1,319681,29,0,0,0,0,0,0.0,0.0,0.0,0.0,0,Matheus Santos Carneiro da Cunha
347,1,False,False,1,295362,30,90,0,0,0,1,0.0,0.0,0.0,0.07,6,Ederson Santana de Moraes
350,2,False,False,1,295362,30,90,0,0,0,1,0.05,0.19,0.24,0.07,6,Joško Gvardiol
211,3,False,False,1,295362,30,75,0,0,0,0,0.0,0.04,0.04,0.67,2,Daniel Muñoz Mejía
18,4,False,False,1,295362,30,90,0,0,0,0,0.08,0.02,0.1,0.99,2,William Saliba
409,5,False,False,1,295362,30,90,0,0,0,0,0.0,0.38,0.38,1.6,2,Tino Livramento
199,6,False,False,1,295362,30,90,0,0,0,0,0.2,0.04,0.24,0.67,2,Eberechi Eze
182,7,False,False,1,295362,30,90,0,1,1,1,0.06,0.36,0.42,0.79,6,Cole Palmer
54,8,False,False,1,295362,30,87,0,2,1,1,0.0,0.27,0.27,0.49,10,Morgan Rogers
401,9,False,False,1,295362,30,65,1,0,2,0,0.56,0.01,0.57,1.21,8,Alexander Isak
735,10,False,False,1,295362,30,90,1,0,3,1,1.45,0.04,1.49,0.07,9,Omar Marmoush
617,11,False,False,1,295362,30,90,1,0,2,0,0.72,0.01,0.73,1.17,8,Francisco Evanilson de Lima Barbosa
413,12,False,False,1,295362,30,90,0,0,0,0,0.0,0.0,0.0,1.6,2,Nick Pope
348,13,False,False,1,295362,30,0,0,0,0,0,0.0,0.0,0.0,0.0,0,Phil Foden
503,14,False,False,1,295362,30,90,0,0,0,0,0.38,0.06,0.44,1.09,2,Son Heung-min
415,15,False,False,1,295362,30,90,0,0,0,0,0.02,0.01,0.03,1.6,1,Fabian Schär
152,1,False,False,1,302714,30,90,0,0,0,0,0.0,0.0,0.0,1.17,1,Kepa Arrizabalaga Revuelta
339,2,False,False,1,302714,30,90,0,0,2,1,0.0,0.03,0.03,0.67,8,Virgil van Dijk
355,3,False,False,1,302714,30,1,0,0,0,0,0.0,0.0,0.0,0.0,1,Rico Lewis
3,4,False,False,1,302714,30,15,0,0,0,0,0.0,0.0,0.0,0.0,1,Gabriel dos Santos Magalhães
530,5,False,False,1,302714,30,13,0,0,0,0,0.41,0.0,0.41,0.55,1,Tomáš Souček
328,6,False,False,1,302714,30,90,0,0,0,1,0.07,0.1,0.17,0.67,3,Mohamed Salah
535,7,False,False,1,302714,30,89,0,0,0,1,0.03,0.02,0.05,1.34,3,Jean-Ricner Bellegarde
78,8,False,False,1,302714,30,90,0,0,0,0,0.17,0.04,0.21,1.17,2,Antoine Semenyo
633,9,False,False,1,302714,30,90,1,0,3,0,0.07,0.06,0.13,0.99,10,Mikel Merino Zazón
110,10,False,False,1,302714,30,90,0,1,0,0,0.23,0.01,0.24,1.29,5,Yoane Wissa
207,11,False,False,1,302714,30,58,0,0,0,0,0.22,0.01,0.23,0.66,1,Jean-Philippe Mateta
554,12,False,False,1,302714,30,90,0,0,0,1,0.0,0.0,0.0,1.34,5,José Malheiro de Sá
194,13,False,False,1,302714,30,0,0,0,0,0,0.0,0.0,0.0,0.0,0,Chris Richards
129,14,False,False,1,302714,30,71,0,0,0,0,0.1,0.02,0.12,0.8,2,João Pedro Junqueira de Jesus
436,15,False,False,1,302714,30,90,0,0,3,1,0.0,0.02,0.02,1.63,9,Murillo Costa dos Santos
443,1,False,False,1,307954,30,90,0,0,1,1,0.0,0.0,0.0,1.63,8,Matz Sels
85,2,False,False,1,307954,30,86,0,0,0,0,0.0,0.01,0.01,1.17,1,Illia Zabarnyi
580,3,False,False,1,307954,30,90,0,0,0,0,0.0,0.08,0.08,1.17,0,Dean Huijsen
326,4,False,False,1,307954,30,90,0,0,0,1,0.47,0.01,0.48,0.67,6,Ibrahima Konaté
369,5,False,False,1,307954,30,90,0,0,0,0,0.06,0.24,0.3,0.48,2,Diogo Dalot Teixeira
432,6,False,False,1,307954,30,84,1,0,3,1,0.12,0.04,0.16,1.0,11,Anthony Elanga
327,7,False,False,1,307954,30,85,0,1,3,1,0.27,0.27,0.54,0.67,9,Luis Díaz Marulanda
366,8,False,False,1,307954,30,90,0,0,0,0,0.13,0.28,0.41,0.48,2,Bruno Borges Fernandes
13,9,False,False,1,307954,30,90,0,0,0,0,0.28,0.28,0.56,0.99,2,Martin Ødegaard
389,10,False,False,1,307954,30,77,0,0,0,0,0.0,0.01,0.01,0.3,2,Joshua Zirkzee
268,11,False,False,1,307954,30,71,1,0,3,0,0.27,0.01,0.28,1.54,9,Liam Delap
310,12,False,False,1,307954,30,0,0,0,0,0,0.0,0.0,0.0,0.0,0,Alisson Becker
311,13,False,False,1,307954,30,0,0,0,0,0,0.0,0.0,0.0,0.0,0,Trent Alexander-Arnold
447,14,False,False,1,307954,30,0,0,0,0,0,0.0,0.0,0.0,0.0,0,Chris Wood
402,15,False,False,1,307954,30,65,0,1,0,0,0.12,0.4,0.52,1.21,5,Jacob Murphy
15,1,False,False,1,318423,30,90,0,0,0,0,0.0,0.0,0.0,0.99,2,David Raya Martín
574,2,False,False,1,318423,30,90,0,0,0,1,0.02,0.06,0.08,1.63,6,Nikola Milenković
187,3,False,False,1,318423,30,1,0,0,0,0,0.0,0.0,0.0,0.0,1,Tosin Adarabioyo
335,4,False,False,1,318423,30,90,0,0,1,1,0.07,0.15,0.22,0.67,7,Andrew Robertson
70,5,False,False,1,318423,30,90,0,0,0,0,0.02,0.06,0.08,1.17,1,Milos Kerkez
6,6,False,False,1,318423,30,76,0,0,1,1,0.28,0.03,0.31,0.24,7,Jurriën Timber
571,7,False,False,1,318423,30,84,0,1,3,1,0.16,0.48,0.64,0.02,9,Sávio Moreira de Oliveira
433,8,False,False,1,318423,30,90,0,0,0,1,0.06,0.04,0.1,1.63,3,Morgan Gibbs-White
585,9,False,False,1,318423,30,90,0,0,0,0,0.0,0.08,0.08,0.67,2,Ismaïla Sarr
136,10,False,False,1,318423,30,90,0,0,0,0,0.25,0.04,0.29,1.25,2,Mitoma Kaoru
218,11,False,False,1,318423,30,78,0,0,0,0,0.31,0.0,0.31,1.26,1,Norberto Bercique Gomes Betuncal
235,12,False,False,1,318423,30,90,0,0,0,0,0.0,0.0,0.0,1.47,3,Jordan Pickford
71,13,False,False,1,318423,30,0,0,0,0,0,0.0,0.0,0.0,0.0,0,Justin Kluivert
351,14,False,False,1,318423,30,0,0,0,0,0,0.0,0.0,0.0,0.0,0,Erling Haaland
148,15,False,False,1,318423,30,18,0,0,0,0,0.0,0.03,0.03,0.44,0,Danny Welbeck
383,1,False,False,1,319681,30,90,0,0,0,0,0.0,0.0,0.0,0.48,2,André Onana
395,2,False,False,1,319681,30,90,0,0,0,0,0.0,0.01,0.01,1.6,2,Dan Burn
200,3,False,False,1,319681,30,90,0,0,0,0,0.11,0.03,0.14,0.67,2,Marc Guéhi
422,4,False,False,1,319681,30,39,0,0,0,0,0.0,0.02,0.02,0.46,1,Ola Aina
17,5,False,False,1,319681,30,24,1,0,2,0,0.77,0.12,0.89,0.75,8,Bukayo Saka
514,6,False,False,1,319681,30,90,0,0,0,0,0.18,0.3,0.48,1.18,2,Jarrod Bowen
99,7,False,False,1,319681,30,90,1,0,1,0,0.87,0.24,1.11,1.29,8,Bryan Mbeumo
394,8,False,False,1,319681,30,90,0,0,0,0,0.0,0.07,0.07,1.6,2,Bruno Guimarães Rodriguez Moura
74,9,False,False,1,319681,30,90,0,0,0,0,0.57,0.02,0.59,1.17,2,Dango Ouattara
58,10,False,False,1,319681,30,25,0,0,0,0,0.0,0.01,0.01,0.41,0,Ollie Watkins
82,11,False,False,1,319681,30,90,0,0,0,0,0.0,0.01,0.01,1.09,2,Dominic Solanke-Mitchell
91,12,False,False,1,319681,30,90,0,0,0,0,0.0,0.01,0.01,1.29,1,Mark Flekken
210,13,False,False,1,319681,30,57,0,0,0,0,0.0,0.01,0.01,0.66,1,Tyrick Mitchell
36,14,False,False,1,319681,30,90,0,0,0,1,0.0,0.11,0.11,0.9,6,Lucas Digne
541,15,False,False,1,319681,30,0,0,0,0,0,0.0,0.0,0.0,0.0,0,Matheus Santos Carneiro da Cunha
413,1,False,False,1,295362,31,90,0,0,0,1,0.0,0.0,0.0,0.47,6,Nick Pope
415,2,False,False,1,295362,31,90,0,1,1,1,0.04,0.0,0.04,0.47,10,Fabian Schär
409,3,False,False,1,295362,31,90,0,1,2,1,0.03,0.57,0.6,0.47,11,Tino Livramento
350,4,False,False,1,295362,31,90,0,0,3,1,0.0,0.02,0.02,0.91,9,Joško Gvardiol
317,5,False,False,1,295362,31,66,0,0,0,0,0.32,0.0,0.32,0.66,2,Diogo Teixeira da Silva
182,6,False,False,1,295362,31,31,0,0,0,0,0.2,0.03,0.23,0.66,1,Cole Palmer
54,7,False,False,1,295362,31,90,1,0,2,0,0.98,0.11,1.09,1.48,9,Morgan Rogers
503,8,False,False,1,295362,31,56,0,0,0,0,0.04,0.2,0.24,0.65,1,Son Heung-min
401,9,False,False,1,295362,31,71,0,0,0,1,0.16,0.05,0.21,0.24,2,Alexander Isak
617,10,False,False,1,295362,31,89,2,0,3,0,1.72,0.01,1.73,0.69,13,Francisco Evanilson de Lima Barbosa
735,11,False,False,1,295362,31,90,0,0,0,1,0.15,0.02,0.17,0.91,2,Omar Marmoush
347,12,False,False,1,295362,31,90,0,0,0,1,0.0,0.0,0.0,0.91,6,Ederson Santana de Moraes
348,13,False,False,1,295362,31,57,0,0,0,0,0.26,0.01,0.27,0.41,1,Phil Foden
18,14,False,False,1,295362,31,90,0,0,0,0,0.0,0.03,0.03,1.09,2,William Saliba
533,15,False,False,1,295362,31,87,0,0,0,0,0.34,0.63,0.97,0.72,2,Rayan Aït-Nouri
152,1,False,False,1,302714,31,90,0,0,0,0,0.0,0.01,0.01,0.69,1,Kepa Arrizabalaga Revuelta
339,2,False,False,1,302714,31,90,0,0,0,0,0.0,0.01,0.01,0.74,1,Virgil van Dijk
436,3,False,False,1,302714,31,90,0,0,0,0,0.02,0.01,0.03,3.03,1,Murillo Costa dos Santos
495,4,False,False,1,302714,31,90,0,0,0,0,0.02,0.26,0.28,1.04,1,Pedro Porro Sauceda
328,5,False,False,1,302714,31,90,0,0,0,0,0.44,0.1,0.54,0.74,2,Mohamed Salah
392,6,False,False,1,302714,31,90,1,0,0,1,1.26,0.05,1.31,0.47,8,Harvey Barnes
633,7,False,False,1,302714,31,90,0,0,0,0,0.15,0.02,0.17,1.09,2,Mikel Merino Zazón
9,8,False,False,1,302714,31,45,0,0,0,0,0.04,0.02,0.06,0.83,1,Gabriel Martinelli Silva
535,9,False,False,1,302714,31,64,0,0,0,0,0.1,0.07,0.17,0.72,2,Jean-Ricner Bellegarde
129,10,False,False,1,302714,31,27,0,0,0,0,0.0,0.03,0.03,0.17,1,João Pedro Junqueira de Jesus
110,11,False,False,1,302714,31,90,0,0,0,1,0.36,0.39,0.75,1.23,2,Yoane Wissa
554,12,False,False,1,302714,31,90,0,0,0,0,0.0,0.0,0.0,0.8,2,José Malheiro de Sá
207,13,False,False,1,302714,31,67,1,0,2,0,0.1,0.0,0.1,0.64,8,Jean-Philippe Mateta
418,14,False,False,1,302714,31,86,0,0,0,1,0.03,0.05,0.08,0.25,6,Kieran Trippier
144,15,False,False,1,302714,31,90,0,0,0,0,0.0,0.08,0.08,0.57,-2,Jan Paul van Hecke
443,1,False,False,1,307954,31,90,0,0,0,0,0.0,0.0,0.0,3.03,3,Matz Sels
163,2,False,False,1,307954,31,13,0,0,0,0,0.0,0.0,0.0,0.66,1,Marc Cucurella Saseta
580,3,False,False,1,307954,31,90,0,1,0,0,0.03,0.19,0.22,0.69,4,Dean Huijsen
326,4,False,False,1,307954,31,66,0,0,0,0,0.06,0.0,0.06,0.66,1,Ibrahima Konaté
432,5,False,False,1,307954,31,45,0,0,0,0,0.17,0.01,0.18,1.46,1,Anthony Elanga
327,6,False,False,1,307954,31,35,1,0,0,0,0.23,0.12,0.35,0.18,6,Luis Díaz Marulanda
366,7,False,False,1,307954,31,90,0,0,0,1,0.17,0.5,0.67,0.49,3,Bruno Borges Fernandes
13,8,False,False,1,307954,31,19,0,0,0,0,0.23,0.0,0.23,0.0,1,Martin Ødegaard
402,9,False,False,1,307954,31,71,2,0,3,1,1.61,0.01,1.62,0.24,16,Jacob Murphy
566,10,False,False,1,307954,31,90,1,0,1,0,1.04,0.08,1.12,0.8,6,Jørgen Strand Larsen
268,11,False,False,1,307954,31,80,1,0,2,0,0.46,0.01,0.47,1.85,8,Liam Delap
310,12,False,False,1,307954,31,0,0,0,0,0,0.0,0.0,0.0,0.0,0,Alisson Becker
447,13,False,False,1,307954,31,0,0,0,0,0,0.0,0.0,0.0,0.0,0,Chris Wood
437,14,False,False,1,307954,31,90,0,1,0,0,0.31,0.32,0.63,3.03,4,Neco Williams
311,15,False,False,1,307954,31,0,0,0,0,0,0.0,0.0,0.0,0.0,0,Trent Alexander-Arnold
15,1,False,False,1,318423,31,90,0,0,0,0,0.0,0.0,0.0,1.09,2,David Raya Martín
574,2,False,False,1,318423,31,90,0,0,0,0,0.0,0.01,0.01,3.03,1,Nikola Milenković
187,3,False,False,1,318423,31,90,0,0,0,1,0.05,0.04,0.09,1.18,5,Tosin Adarabioyo
335,4,False,False,1,318423,31,81,0,0,0,0,0.03,0.29,0.32,0.66,1,Andrew Robertson
70,5,False,False,1,318423,31,90,0,0,0,0,0.0,0.01,0.01,0.69,1,Milos Kerkez
6,6,False,False,1,318423,31,29,0,0,0,0,0.2,0.01,0.21,0.0,1,Jurriën Timber
433,7,False,False,1,318423,31,90,0,0,0,0,0.25,0.06,0.31,3.03,2,Morgan Gibbs-White
585,8,False,False,1,318423,31,90,0,0,0,0,0.0,0.01,0.01,1.0,2,Ismaïla Sarr
136,9,False,False,1,318423,31,62,0,0,0,0,0.03,0.01,0.04,0.44,2,Mitoma Kaoru
218,10,False,False,1,318423,31,64,0,0,0,0,0.0,0.01,0.01,1.26,2,Norberto Bercique Gomes Betuncal
148,11,False,False,1,318423,31,90,1,0,3,0,0.53,0.01,0.54,0.6,9,Danny Welbeck
235,12,False,False,1,318423,31,90,0,0,0,0,0.0,0.02,0.02,1.79,3,Jordan Pickford
571,13,False,False,1,318423,31,0,0,0,0,0,0.0,0.0,0.0,0.0,0,Sávio Moreira de Oliveira
71,14,False,False,1,318423,31,0,0,0,0,0,0.0,0.0,0.0,0.0,0,Justin Kluivert
351,15,False,False,1,318423,31,0,0,0,0,0,0.0,0.0,0.0,0.0,0,Erling Haaland
383,1,False,False,1,319681,31,90,0,0,3,1,0.0,0.0,0.0,0.49,11,André Onana
200,2,False,False,1,319681,31,89,0,0,0,0,0.0,0.01,0.01,0.66,-1,Marc Guéhi
210,3,False,False,1,319681,31,62,0,0,0,0,0.0,0.0,0.0,0.64,2,Tyrick Mitchell
395,4,False,False,1,319681,31,90,0,0,0,1,0.03,0.0,0.03,0.47,6,Dan Burn
17,5,False,False,1,319681,31,45,0,0,0,0,0.14,0.21,0.35,0.83,1,Bukayo Saka
514,6,False,False,1,319681,31,90,1,0,0,0,0.37,0.02,0.39,2.12,7,Jarrod Bowen
74,7,False,False,1,319681,31,77,0,0,0,0,0.03,0.21,0.24,0.53,2,Dango Ouattara
394,8,False,False,1,319681,31,64,0,0,0,1,0.0,0.02,0.02,0.24,3,Bruno Guimarães Rodriguez Moura
99,9,False,False,1,319681,31,90,0,0,0,1,0.13,0.5,0.63,1.23,3,Bryan Mbeumo
58,10,False,False,1,319681,31,61,0,0,0,0,0.0,0.0,0.0,1.07,2,Ollie Watkins
82,11,False,False,1,319681,31,86,0,0,0,1,0.22,0.01,0.23,0.71,2,Dominic Solanke-Mitchell
91,12,False,False,1,319681,31,90,0,0,2,1,0.0,0.0,0.0,1.23,10,Mark Flekken
422,13,False,False,1,319681,31,0,0,0,0,0,0.0,0.0,0.0,0.0,0,Ola Aina
36,14,False,False,1,319681,31,0,0,0,0,0,0.0,0.0,0.0,0.0,0,Lucas Digne
541,15,False,False,1,319681,31,0,0,0,0,0,0.0,0.0,0.0,0.0,0,Matheus Santos Carneiro da Cunha
413,1,False,False,1,295362,32,180,0,0,0,1,0.0,0.0,0.0,2.72,15,Nick Pope
409,2,False,False,1,295362,32,180,0,0,0,1,0.0,0.06,0.06,2.72,8,Tino Livramento
415,3,False,False,1,295362,32,180,1,0,2,1,0.17,0.02,0.19,2.72,16,Fabian Schär
350,4,False,False,1,295362,32,90,0,0,0,0,0.0,0.02,0.02,1.82,1,Joško Gvardiol
403,5,False,False,1,295362,32,145,0,2,0,1,0.02,0.12,0.14,1.89,11,Joelinton Cássio Apolinário de Lira
434,6,False,False,1,295362,32,90,0,0,0,0,0.12,0.06,0.18,1.36,2,Callum Hudson-Odoi
177,7,False,False,1,295362,32,67,0,1,0,0,0.25,0.14,0.39,0.9,5,Noni Madueke
182,8,False,False,1,295362,32,90,0,1,0,0,0.27,0.16,0.43,1.07,4,Cole Palmer
54,9,False,False,1,295362,32,84,0,1,0,1,0.0,0.08,0.08,0.25,6,Morgan Rogers
617,10,False,False,1,295362,32,90,0,0,0,1,0.53,0.01,0.54,1.07,2,Francisco Evanilson de Lima Barbosa
401,11,False,False,1,295362,32,148,1,1,0,1,1.25,0.2,1.45,2.05,11,Alexander Isak
347,12,False,False,1,295362,32,70,0,1,0,0,0.0,0.14,0.14,1.68,4,Ederson Santana de Moraes
735,13,False,False,1,295362,32,81,1,0,1,0,1.03,0.26,1.29,1.68,7,Omar Marmoush
18,14,False,False,1,295362,32,90,0,0,0,0,0.0,0.28,0.28,0.24,2,William Saliba
533,15,False,False,1,295362,32,69,1,1,3,0,0.05,0.73,0.78,1.0,14,Rayan Aït-Nouri
47,1,False,False,1,302714,32,90,0,0,0,1,0.0,0.0,0.0,0.31,6,Emiliano Martínez Romero
339,2,False,False,1,302714,32,90,1,0,1,0,0.18,0.01,0.19,1.5,9,Virgil van Dijk
436,3,False,False,1,302714,32,90,0,0,0,0,0.0,0.01,0.01,1.36,2,Murillo Costa dos Santos
418,4,False,False,1,302714,32,155,0,1,1,1,0.0,0.12,0.12,2.05,12,Kieran Trippier
328,5,False,False,1,302714,32,84,0,1,0,1,0.09,0.28,0.37,1.38,6,Mohamed Salah
633,6,False,False,1,302714,32,15,0,0,0,0,0.05,0.01,0.06,0.0,1,Mikel Merino Zazón
491,7,False,False,1,302714,32,90,0,1,0,0,0.08,0.11,0.19,2.39,5,Brennan Johnson
392,8,False,False,1,302714,32,180,3,1,4,1,1.01,0.23,1.24,2.72,27,Harvey Barnes
199,9,False,False,1,302714,32,135,1,0,0,0,1.45,0.01,1.46,4.95,6,Eberechi Eze
207,10,False,False,1,302714,32,100,0,0,0,0,0.41,0.01,0.42,3.16,2,Jean-Philippe Mateta
110,11,False,False,1,302714,32,90,1,0,3,0,0.12,0.02,0.14,0.96,9,Yoane Wissa
152,12,False,False,1,302714,32,90,0,0,3,1,0.0,0.0,0.0,1.07,11,Kepa Arrizabalaga Revuelta
122,13,False,False,1,302714,32,90,0,0,0,0,0.0,0.08,0.08,1.5,0,Pervis Estupiñán Tenorio
251,14,False,False,1,302714,32,56,0,0,0,0,0.27,0.0,0.27,1.45,1,Rodrigo Muniz Carvalho
32,15,False,False,1,302714,32,84,0,0,0,1,0.06,0.07,0.13,0.25,6,Matty Cash
443,1,False,False,1,307954,32,90,0,0,0,0,0.0,0.0,0.0,1.36,3,Matz Sels
326,2,False,False,1,307954,32,90,0,0,0,0,0.0,0.02,0.02,1.5,2,Ibrahima Konaté
437,3,False,False,1,307954,32,90,0,0,0,0,0.03,0.0,0.03,1.36,2,Neco Williams
163,4,False,False,1,307954,32,90,0,0,0,0,0.03,0.19,0.22,1.07,1,Marc Cucurella Saseta
398,5,False,False,1,307954,32,40,0,0,0,0,0.06,0.0,0.06,0.87,2,Anthony Gordon
366,6,False,False,1,307954,32,81,0,0,0,0,0.0,0.06,0.06,2.17,2,Bruno Borges Fernandes
402,7,False,False,1,307954,32,138,1,2,3,1,0.03,0.79,0.82,1.85,19,Jacob Murphy
327,8,False,False,1,307954,32,90,1,0,2,0,1.0,0.2,1.2,1.5,9,Luis Díaz Marulanda
566,9,False,False,1,307954,32,69,1,0,0,0,1.35,0.0,1.35,1.0,6,Jørgen Strand Larsen
268,10,False,False,1,307954,32,19,0,0,0,0,0.07,0.0,0.07,0.87,1,Liam Delap
447,11,False,False,1,307954,32,90,0,0,0,0,0.0,0.01,0.01,1.36,2,Chris Wood
310,12,False,False,1,307954,32,90,0,0,0,0,0.0,0.0,0.0,1.5,3,Alisson Becker
13,13,False,False,1,307954,32,28,0,0,0,0,0.0,0.12,0.12,0.12,0,Martin Ødegaard
580,14,False,False,1,307954,32,90,0,0,1,1,0.0,0.0,0.0,1.07,7,Dean Huijsen
311,15,False,False,1,307954,32,0,0,0,0,0,0.0,0.0,0.0,0.0,0,Trent Alexander-Arnold
15,1,False,False,1,318423,32,90,0,0,0,0,0.0,0.0,0.0,0.24,2,David Raya Martín
574,2,False,False,1,318423,32,90,0,0,0,0,0.0,0.0,0.0,1.36,2,Nikola Milenković
187,3,False,False,1,318423,32,45,0,0,0,0,0.0,0.01,0.01,0.65,0,Tosin Adarabioyo
335,4,False,False,1,318423,32,30,0,0,0,0,0.0,0.0,0.0,0.73,-1,Andrew Robertson
70,5,False,False,1,318423,32,90,0,0,0,1,0.0,0.04,0.04,1.07,6,Milos Kerkez
6,6,False,False,1,318423,32,21,0,0,0,0,0.0,0.0,0.0,0.12,1,Jurriën Timber
571,7,False,False,1,318423,32,8,0,0,0,0,0.0,0.01,0.01,0.13,1,Sávio Moreira de Oliveira
433,8,False,False,1,318423,32,90,0,0,0,0,0.1,0.01,0.11,1.36,2,Morgan Gibbs-White
585,9,False,False,1,318423,32,165,0,1,0,0,0.48,0.19,0.67,5.13,7,Ismaïla Sarr
218,10,False,False,1,318423,32,26,0,0,0,0,0.0,0.03,0.03,0.04,1,Norberto Bercique Gomes Betuncal
148,11,False,False,1,318423,32,90,0,0,0,0,0.64,0.01,0.65,1.5,2,Danny Welbeck
235,12,False,False,1,318423,32,90,0,0,2,1,0.0,0.0,0.0,0.52,9,Jordan Pickford
71,13,False,False,1,318423,32,0,0,0,0,0,0.0,0.0,0.0,0.0,0,Justin Kluivert
136,14,False,False,1,318423,32,0,0,0,0,0,0.0,0.0,0.0,0.0,0,Mitoma Kaoru
351,15,False,False,1,318423,32,0,0,0,0,0,0.0,0.0,0.0,0.0,0,Erling Haaland
91,1,False,False,1,319681,32,90,0,0,0,0,0.0,0.01,0.01,0.96,2,Mark Flekken
255,2,False,False,1,319681,32,90,0,0,0,0,0.0,0.04,0.04,1.46,1,Antonee Robinson
210,3,False,False,1,319681,32,152,0,0,0,0,0.0,0.24,0.24,5.05,0,Tyrick Mitchell
395,4,False,False,1,319681,32,180,0,0,0,1,0.14,0.22,0.36,2.72,7,Dan Burn
17,5,False,False,1,319681,32,27,0,0,0,0,0.12,0.02,0.14,0.12,1,Bukayo Saka
514,6,False,False,1,319681,32,90,0,0,0,0,0.39,0.04,0.43,1.78,2,Jarrod Bowen
394,7,False,False,1,319681,32,155,1,0,1,1,0.61,0.22,0.83,2.09,10,Bruno Guimarães Rodriguez Moura
99,8,False,False,1,319681,32,90,0,0,0,0,0.0,0.26,0.26,0.96,2,Bryan Mbeumo
58,9,False,False,1,319681,32,24,1,0,2,0,0.28,0.0,0.28,0.06,7,Ollie Watkins
82,10,False,False,1,319681,32,74,0,0,0,0,0.46,0.02,0.48,1.8,2,Dominic Solanke-Mitchell
541,11,False,False,1,319681,32,20,1,0,2,0,0.54,0.15,0.69,0.95,7,Matheus Santos Carneiro da Cunha
383,12,False,False,1,319681,32,0,0,0,0,0,0.0,0.0,0.0,0.0,0,André Onana
422,13,False,False,1,319681,32,0,0,0,0,0,0.0,0.0,0.0,0.0,0,Ola Aina
36,14,False,False,1,319681,32,0,0,0,0,0,0.0,0.0,0.0,0.0,0,Lucas Digne
74,15,False,False,1,319681,32,90,0,0,0,1,0.18,0.3,0.48,1.07,3,Dango Ouattara
358,1,False,False,1,295362,33,180,0,0,0,1,0.0,0.0,0.0,2.67,8,Stefan Ortega Moreno
533,2,False,False,1,295362,33,81,0,0,0,1,0.0,0.0,0.0,0.74,5,Rayan Aït-Nouri
18,3,False,False,1,295362,33,180,0,0,0,1,0.27,0.06,0.33,1.92,7,William Saliba
350,4,False,False,1,295362,33,180,0,0,0,1,0.14,0.04,0.18,2.67,7,Joško Gvardiol
23,5,False,False,1,295362,33,173,3,0,4,1,1.02,0.28,1.3,1.88,24,Leandro Trossard
177,6,False,False,1,295362,33,45,0,0,0,0,0.0,0.12,0.12,0.07,1,Noni Madueke
182,7,False,False,1,295362,33,90,0,0,0,0,0.08,0.02,0.1,0.25,2,Cole Palmer
54,8,False,False,1,295362,33,166,0,1,1,0,0.32,0.25,0.57,1.91,7,Morgan Rogers
735,9,False,False,1,295362,33,180,0,0,0,1,0.9,0.23,1.13,2.67,4,Omar Marmoush
617,10,False,False,1,295362,33,90,0,0,0,1,0.2,0.03,0.23,0.37,2,Francisco Evanilson de Lima Barbosa
401,11,False,False,1,295362,33,75,0,0,0,0,0.05,0.01,0.06,2.11,2,Alexander Isak
413,12,False,False,1,295362,33,90,0,0,0,0,0.0,0.0,0.0,2.26,2,Nick Pope
403,13,False,False,1,295362,33,90,0,0,0,0,0.05,0.31,0.36,2.26,1,Joelinton Cássio Apolinário de Lira
415,14,False,False,1,295362,33,81,1,0,0,0,0.29,0.0,0.29,2.19,5,Fabian Schär
409,15,False,False,1,295362,33,90,0,0,0,0,0.1,0.04,0.14,2.26,0,Tino Livramento
47,1,False,False,1,302714,33,180,0,0,0,0,0.0,0.0,0.0,2.33,4,Emiliano Martínez Romero
339,2,False,False,1,302714,33,90,0,0,1,1,0.21,0.04,0.25,0.27,7,Virgil van Dijk
44,3,False,False,1,302714,33,180,0,0,0,0,0.07,0.01,0.08,2.33,3,Ezri Konsa Ngoyo
32,4,False,False,1,302714,33,150,0,0,0,0,0.0,0.0,0.0,1.77,4,Matty Cash
328,5,False,False,1,302714,33,90,0,0,0,1,1.09,0.06,1.15,0.27,3,Mohamed Salah
633,6,False,False,1,302714,33,56,0,1,0,0,0.44,0.04,0.48,0.09,4,Mikel Merino Zazón
725,7,False,False,1,302714,33,12,0,0,0,0,0.09,0.0,0.09,0.42,2,Donyell Malen
392,8,False,False,1,302714,33,75,0,1,0,0,0.05,0.19,0.24,2.11,5,Harvey Barnes
199,9,False,False,1,302714,33,107,1,0,2,0,0.28,0.39,0.67,1.23,10,Eberechi Eze
207,10,False,False,1,302714,33,84,1,0,3,1,0.1,0.07,0.17,0.78,10,Jean-Philippe Mateta
110,11,False,False,1,302714,33,90,1,1,2,0,0.6,0.03,0.63,1.43,11,Yoane Wissa
152,12,False,False,1,302714,33,90,0,0,0,1,0.0,0.0,0.0,0.37,6,Kepa Arrizabalaga Revuelta
436,13,False,False,1,302714,33,90,0,0,0,0,0.0,0.0,0.0,2.14,2,Murillo Costa dos Santos
251,14,False,False,1,302714,33,0,0,0,0,0,0.0,0.0,0.0,0.0,0,Rodrigo Muniz Carvalho
418,15,False,False,1,302714,33,75,0,0,0,0,0.0,0.05,0.05,2.11,0,Kieran Trippier
310,1,False,False,1,307954,33,90,0,0,0,1,0.0,0.0,0.0,0.27,6,Alisson Becker
326,2,False,False,1,307954,33,90,0,0,3,1,0.04,0.01,0.05,0.27,9,Ibrahima Konaté
8,3,False,False,1,307954,33,180,1,0,0,1,0.04,0.08,0.12,1.92,13,Jakub Kiwior
361,4,False,False,1,307954,33,180,0,0,1,1,0.14,0.05,0.19,2.67,9,Rúben dos Santos Gato Alves Dias
385,5,False,False,1,307954,33,82,1,0,1,0,1.49,0.06,1.55,0.91,9,Marcus Rashford
366,6,False,False,1,307954,33,31,0,0,0,0,0.59,0.1,0.69,0.12,1,Bruno Borges Fernandes
13,7,False,False,1,307954,33,175,0,2,0,1,0.21,0.68,0.89,1.82,11,Martin Ødegaard
327,8,False,False,1,307954,33,90,0,0,0,1,0.13,0.37,0.5,0.22,3,Luis Díaz Marulanda
402,9,False,False,1,307954,33,64,0,0,0,0,0.0,0.09,0.09,1.84,2,Jacob Murphy
566,10,False,False,1,307954,33,73,0,0,0,1,0.11,0.01,0.12,0.74,2,Jørgen Strand Larsen
447,11,False,False,1,307954,33,75,1,0,2,1,0.12,0.24,0.36,1.76,8,Chris Wood
443,12,False,False,1,307954,33,90,0,0,0,0,0.0,0.0,0.0,2.14,2,Matz Sels
268,13,False,False,1,307954,33,8,0,0,0,0,0.0,0.0,0.0,0.3,1,Liam Delap
437,14,False,False,1,307954,33,90,0,0,0,0,0.0,0.0,0.0,2.14,2,Neco Williams
163,15,False,False,1,307954,33,90,0,0,0,0,0.05,0.03,0.08,0.25,1,Marc Cucurella Saseta
15,1,False,False,1,318423,33,180,0,0,0,1,0.0,0.0,0.0,1.92,7,David Raya Martín
200,2,False,False,1,318423,33,180,0,0,0,1,0.15,0.02,0.17,1.94,7,Marc Guéhi
70,3,False,False,1,318423,33,90,0,0,2,1,0.0,0.07,0.07,0.37,8,Milos Kerkez
6,4,False,False,1,318423,33,90,0,1,0,0,0.0,0.07,0.07,1.75,4,Jurriën Timber
571,5,False,False,1,318423,33,77,0,0,0,1,0.09,0.1,0.19,0.87,3,Sávio Moreira de Oliveira
345,6,False,False,1,318423,33,177,0,0,0,1,0.3,0.6,0.9,2.63,5,Kevin De Bruyne
16,7,False,False,1,318423,33,162,0,1,1,1,0.09,0.23,0.32,1.88,8,Declan Rice
585,8,False,False,1,318423,33,117,0,0,0,1,0.25,0.49,0.74,1.08,3,Ismaïla Sarr
148,9,False,False,1,318423,33,76,1,0,0,0,0.22,0.06,0.28,1.88,5,Danny Welbeck
306,10,False,False,1,318423,33,61,0,0,0,1,0.0,0.0,0.0,1.61,2,Jamie Vardy
129,11,False,False,1,318423,33,60,0,0,0,0,0.03,0.2,0.23,1.58,-1,João Pedro Junqueira de Jesus
235,12,False,False,1,318423,33,90,0,0,0,0,0.0,0.01,0.01,2.04,1,Jordan Pickford
355,13,False,False,1,318423,33,0,0,0,0,0,0.0,0.0,0.0,0.0,0,Rico Lewis
136,14,False,False,1,318423,33,25,1,0,0,0,0.71,0.01,0.72,0.32,6,Mitoma Kaoru
335,15,False,False,1,318423,33,0,0,0,0,0,0.0,0.0,0.0,0.0,0,Andrew Robertson
383,1,False,False,1,319681,33,90,0,0,0,0,0.0,0.0,0.0,0.25,2,André Onana
395,2,False,False,1,319681,33,90,0,0,0,0,0.04,0.01,0.05,2.26,-2,Dan Burn
36,3,False,False,1,319681,33,90,0,0,0,0,0.0,0.17,0.17,1.33,0,Lucas Digne
210,4,False,False,1,319681,33,180,0,0,0,1,0.0,0.05,0.05,1.94,7,Tyrick Mitchell
17,5,False,False,1,319681,33,86,0,0,0,0,0.68,0.89,1.57,0.65,2,Bukayo Saka
514,6,False,False,1,319681,33,85,1,0,1,1,0.16,0.04,0.2,0.5,9,Jarrod Bowen
99,7,False,False,1,319681,33,90,2,1,3,0,0.6,0.62,1.22,1.43,18,Bryan Mbeumo
394,8,False,False,1,319681,33,90,0,0,0,0,0.09,0.12,0.21,2.26,1,Bruno Guimarães Rodriguez Moura
74,9,False,False,1,319681,33,68,0,0,0,1,0.24,0.01,0.25,0.17,2,Dango Ouattara
541,10,False,False,1,319681,33,90,0,1,3,1,0.03,0.11,0.14,1.25,8,Matheus Santos Carneiro da Cunha
58,11,False,False,1,319681,33,96,1,1,3,0,0.44,0.08,0.52,1.42,12,Ollie Watkins
91,12,False,False,1,319681,33,90,0,0,0,0,0.0,0.0,0.0,1.43,1,Mark Flekken
422,13,False,False,1,319681,33,0,0,0,0,0,0.0,0.0,0.0,0.0,0,Ola Aina
255,14,False,False,1,319681,33,90,0,0,0,0,0.0,0.01,0.01,0.9,1,Antonee Robinson
82,15,False,False,1,319681,33,23,0,0,0,0,0.0,0.0,0.0,0.0,1,Dominic Solanke-Mitchell
413,1,False,False,1,295362,34,90,0,0,0,1,0.0,0.0,0.0,0.1,6,Nick Pope
533,2,False,False,1,295362,34,76,0,1,2,1,0.09,0.22,0.31,1.1,11,Rayan Aït-Nouri
415,3,False,False,1,295362,34,82,0,0,0,1,0.02,0.03,0.05,0.1,6,Fabian Schär
574,4,False,False,1,295362,34,90,0,0,0,0,0.0,0.0,0.0,1.65,1,Nikola Milenković
247,5,False,False,1,295362,34,85,0,1,0,0,0.22,0.21,0.43,0.63,5,Alex Iwobi
560,6,False,False,1,295362,34,90,0,0,0,1,0.0,0.05,0.05,0.44,3,Pedro Lomba Neto
182,7,False,False,1,295362,34,90,0,0,0,1,0.0,0.08,0.08,0.44,3,Cole Palmer
403,8,False,False,1,295362,34,0,0,0,0,0,0.0,0.0,0.0,0.0,0,Joelinton Cássio Apolinário de Lira
735,9,False,False,1,295362,34,0,0,0,0,0,0.0,0.0,0.0,0.0,0,Omar Marmoush
617,10,False,False,1,295362,34,69,0,1,0,0,0.0,0.17,0.17,1.04,2,Francisco Evanilson de Lima Barbosa
401,11,False,False,1,295362,34,76,1,0,0,1,1.46,0.07,1.53,0.1,6,Alexander Isak
358,12,False,False,1,295362,34,0,0,0,0,0,0.0,0.0,0.0,0.0,0,Stefan Ortega Moreno
54,13,False,False,1,295362,34,0,0,0,0,0,0.0,0.0,0.0,0.0,0,Morgan Rogers
350,14,False,False,1,295362,34,0,0,0,0,0,0.0,0.0,0.0,0.0,0,Joško Gvardiol
18,15,False,False,1,295362,34,0,0,0,0,0,0.0,0.0,0.0,0.0,0,William Saliba
185,1,False,False,1,302714,34,90,0,0,2,1,0.0,0.0,0.0,0.44,9,Robert Lynch Sánchez
339,2,False,False,1,302714,34,90,0,0,0,0,0.02,0.06,0.08,0.46,2,Virgil van Dijk
579,3,False,False,1,302714,34,90,1,0,3,0,0.34,0.21,0.55,0.63,11,Ryan Sessegnon
418,4,False,False,1,302714,34,90,0,2,3,1,0.0,0.51,0.51,0.1,15,Kieran Trippier
559,5,False,False,1,302714,34,88,0,0,0,1,0.0,0.08,0.08,1.1,6,Nélson Cabral Semedo
241,6,False,False,1,302714,34,90,0,0,0,0,0.03,0.02,0.05,0.63,2,Calvin Bassey
328,7,False,False,1,302714,34,90,1,0,1,0,0.21,0.33,0.54,0.46,8,Mohamed Salah
392,8,False,False,1,302714,34,76,0,0,0,1,0.14,0.21,0.35,0.1,3,Harvey Barnes
78,9,False,False,1,302714,34,84,1,0,1,1,0.18,0.01,0.19,1.42,9,Antoine Semenyo
168,10,False,False,1,302714,34,90,0,1,0,1,0.06,0.02,0.08,0.44,6,Enzo Fernández
110,11,False,False,1,302714,34,90,1,0,1,1,0.49,0.0,0.49,0.97,7,Yoane Wissa
152,12,False,False,1,302714,34,90,0,0,0,0,0.0,0.01,0.01,2.52,3,Kepa Arrizabalaga Revuelta
180,13,False,False,1,302714,34,90,1,0,2,1,0.09,0.02,0.11,0.44,8,Nicolas Jackson
207,14,False,False,1,302714,34,0,0,0,0,0,0.0,0.0,0.0,0.0,0,Jean-Philippe Mateta
633,15,False,False,1,302714,34,0,0,0,0,0,0.0,0.0,0.0,0.0,0,Mikel Merino Zazón
310,1,False,False,1,307954,34,90,0,0,0,0,0.0,0.0,0.0,0.46,2,Alisson Becker
326,2,False,False,1,307954,34,90,0,0,0,0,0.04,0.02,0.06,0.46,2,Ibrahima Konaté
163,3,False,False,1,307954,34,90,0,0,0,1,0.38,0.02,0.4,0.44,6,Marc Cucurella Saseta
311,4,False,False,1,307954,34,75,0,1,0,0,0.17,0.01,0.18,0.46,5,Trent Alexander-Arnold
720,5,False,False,1,307954,34,90,0,0,0,1,0.01,0.19,0.2,1.15,6,Emmanuel Agbadou
366,6,False,False,1,307954,34,90,0,0,2,0,0.05,0.52,0.57,0.53,4,Bruno Borges Fernandes
327,7,False,False,1,307954,34,75,1,0,0,0,0.76,0.01,0.77,0.46,7,Luis Díaz Marulanda
402,8,False,False,1,307954,34,66,0,1,0,1,0.07,0.24,0.31,0.1,6,Jacob Murphy
252,9,False,False,1,307954,34,90,0,0,0,0,0.72,0.05,0.77,0.63,1,Raúl Jiménez Rodríguez
566,10,False,False,1,307954,34,76,1,0,0,1,0.76,0.02,0.78,1.1,6,Jørgen Strand Larsen
447,11,False,False,1,307954,34,90,0,0,0,0,0.26,0.08,0.34,1.65,2,Chris Wood
443,12,False,False,1,307954,34,90,0,0,0,0,0.0,0.0,0.0,1.65,1,Matz Sels
432,13,False,False,1,307954,34,90,0,0,0,0,0.1,0.24,0.34,1.65,2,Anthony Elanga
437,14,False,False,1,307954,34,90,0,0,0,0,0.02,0.04,0.06,1.65,0,Neco Williams
13,15,False,False,1,307954,34,0,0,0,0,0,0.0,0.0,0.0,0.0,0,Martin Ødegaard
235,1,False,False,1,318423,34,90,0,0,0,0,0.0,0.0,0.0,0.88,4,Jordan Pickford
231,2,False,False,1,318423,34,90,0,0,0,0,0.0,0.13,0.13,0.88,2,Vitalii Mykolenko
335,3,False,False,1,318423,34,90,0,0,0,0,0.06,0.04,0.1,0.46,2,Andrew Robertson
70,4,False,False,1,318423,34,90,0,0,0,0,0.0,0.12,0.12,2.52,2,Milos Kerkez
433,5,False,False,1,318423,34,74,0,0,0,0,0.08,0.03,0.11,1.57,1,Morgan Gibbs-White
423,6,False,False,1,318423,34,60,0,0,0,0,0.03,0.05,0.08,1.05,1,Elliot Anderson
336,7,False,False,1,318423,34,67,0,2,1,0,0.28,0.64,0.92,0.44,9,Dominik Szoboszlai
136,8,False,False,1,318423,34,28,1,0,0,0,0.52,0.0,0.52,0.52,6,Mitoma Kaoru
148,9,False,False,1,318423,34,90,0,0,0,0,0.08,0.03,0.11,1.27,2,Danny Welbeck
306,10,False,False,1,318423,34,90,0,0,0,0,0.82,0.0,0.82,2.02,0,Jamie Vardy
129,11,False,False,1,318423,34,0,0,0,0,0,0.0,0.0,0.0,0.0,0,João Pedro Junqueira de Jesus
15,12,False,False,1,318423,34,0,0,0,0,0,0.0,0.0,0.0,0.0,0,David Raya Martín
200,13,False,False,1,318423,34,0,0,0,0,0,0.0,0.0,0.0,0.0,0,Marc Guéhi
585,14,False,False,1,318423,34,0,0,0,0,0,0.0,0.0,0.0,0.0,0,Ismaïla Sarr
6,15,False,False,1,318423,34,0,0,0,0,0,0.0,0.0,0.0,0.0,0,Jurriën Timber
383,1,False,False,1,319681,34,90,0,0,0,0,0.0,0.0,0.0,0.53,2,André Onana
395,2,False,False,1,319681,34,90,1,0,2,1,0.4,0.02,0.42,0.1,13,Dan Burn
422,3,False,False,1,319681,34,74,0,0,0,0,0.0,0.32,0.32,1.57,1,Ola Aina
567,4,False,False,1,319681,34,90,0,0,0,1,0.0,0.0,0.0,1.15,5,Toti Gomes
255,5,False,False,1,319681,34,0,0,0,0,0,0.0,0.0,0.0,0.0,0,Antonee Robinson
514,6,False,False,1,319681,34,90,0,2,2,0,0.08,0.86,0.94,1.31,10,Jarrod Bowen
99,7,False,False,1,319681,34,90,0,0,0,1,0.19,0.19,0.38,0.97,2,Bryan Mbeumo
394,8,False,False,1,319681,34,90,0,0,0,1,0.28,0.22,0.5,0.1,3,Bruno Guimarães Rodriguez Moura
71,9,False,False,1,319681,34,71,0,0,0,1,0.03,0.07,0.1,1.04,2,Justin Kluivert
541,10,False,False,1,319681,34,88,1,2,3,1,0.56,0.21,0.77,1.1,15,Matheus Santos Carneiro da Cunha
82,11,False,False,1,319681,34,67,1,0,0,0,0.26,0.0,0.26,1.88,6,Dominic Solanke-Mitchell
91,12,False,False,1,319681,34,90,0,1,3,1,0.0,0.0,0.0,0.97,13,Mark Flekken
36,13,False,False,1,319681,34,0,0,0,0,0,0.0,0.0,0.0,0.0,0,Lucas Digne
17,14,False,False,1,319681,34,0,0,0,0,0,0.0,0.0,0.0,0.0,0,Bukayo Saka
58,15,False,False,1,319681,34,0,0,0,0,0,0.0,0.0,0.0,0.0,0,Ollie Watkins
413,1,False,False,1,295362,35,90,0,0,0,0,0.0,0.0,0.0,0.69,2,Nick Pope
18,2,False,False,1,295362,35,90,0,0,0,0,0.0,0.0,0.0,0.97,1,William Saliba
574,3,False,False,1,295362,35,90,0,0,0,0,0.0,0.0,0.0,2.56,2,Nikola Milenković
350,4,False,False,1,295362,35,90,0,0,2,1,0.0,0.04,0.04,0.4,8,Joško Gvardiol
361,5,False,False,1,295362,35,90,0,0,1,1,0.02,0.01,0.03,0.4,7,Rúben dos Santos Gato Alves Dias
345,6,False,False,1,295362,35,83,1,0,3,1,0.38,0.09,0.47,0.4,11,Kevin De Bruyne
54,7,False,False,1,295362,35,90,0,0,0,1,0.08,0.71,0.79,0.85,3,Morgan Rogers
182,8,False,False,1,295362,35,90,1,0,3,0,1.12,0.55,1.67,1.05,10,Cole Palmer
560,9,False,False,1,295362,35,90,0,1,0,0,0.18,0.41,0.59,1.05,5,Pedro Lomba Neto
735,10,False,False,1,295362,35,82,0,0,0,1,0.12,0.03,0.15,0.4,2,Omar Marmoush
401,11,False,False,1,295362,35,90,1,0,3,0,0.91,0.04,0.95,0.69,9,Alexander Isak
358,12,False,False,1,295362,35,0,0,0,0,0,0.0,0.0,0.0,0.0,0,Stefan Ortega Moreno
247,13,False,False,1,295362,35,75,0,0,0,0,0.08,0.19,0.27,0.46,2,Alex Iwobi
415,14,False,False,1,295362,35,90,0,1,1,0,0.3,0.09,0.39,0.69,6,Fabian Schär
351,15,False,False,1,295362,35,0,0,0,0,0,0.0,0.0,0.0,0.0,0,Erling Haaland
47,1,False,False,1,302714,35,90,0,0,2,1,0.0,0.0,0.0,0.85,9,Emiliano Martínez Romero
339,2,False,False,1,302714,35,90,1,0,0,0,0.28,0.01,0.29,3.13,6,Virgil van Dijk
579,3,False,False,1,302714,35,56,0,0,0,0,0.0,0.08,0.08,0.21,0,Ryan Sessegnon
418,4,False,False,1,302714,35,90,0,0,0,0,0.0,0.04,0.04,0.69,2,Kieran Trippier
328,5,False,False,1,302714,35,90,0,0,0,0,0.09,0.31,0.4,3.13,2,Mohamed Salah
392,6,False,False,1,302714,35,90,0,0,0,0,0.26,0.22,0.48,0.69,2,Harvey Barnes
23,7,False,False,1,302714,35,90,0,0,0,0,0.15,0.18,0.33,0.97,2,Leandro Trossard
199,8,False,False,1,302714,35,90,1,0,3,0,0.98,0.07,1.05,0.71,10,Eberechi Eze
633,9,False,False,1,302714,35,16,0,0,0,0,0.0,0.01,0.01,0.2,1,Mikel Merino Zazón
110,10,False,False,1,302714,35,90,1,0,1,0,1.2,0.01,1.21,1.56,7,Yoane Wissa
207,11,False,False,1,302714,35,75,0,0,0,0,0.04,0.01,0.05,0.71,2,Jean-Philippe Mateta
152,12,False,False,1,302714,35,90,0,0,0,0,0.0,0.0,0.0,1.42,3,Kepa Arrizabalaga Revuelta
495,13,False,False,1,302714,35,0,0,0,0,0,0.0,0.0,0.0,0.0,0,Pedro Porro Sauceda
436,14,False,False,1,302714,35,80,1,0,2,0,0.07,0.02,0.09,2.02,10,Murillo Costa dos Santos
180,15,False,False,1,302714,35,71,0,0,0,1,0.12,0.01,0.13,0.8,2,Nicolas Jackson
443,1,False,False,1,307954,35,90,0,0,0,0,0.0,0.01,0.01,2.56,1,Matz Sels
311,2,False,False,1,307954,35,56,0,0,0,0,0.04,0.24,0.28,1.68,0,Trent Alexander-Arnold
437,3,False,False,1,307954,35,90,0,1,1,0,0.11,0.19,0.3,2.56,5,Neco Williams
163,4,False,False,1,307954,35,90,0,0,0,0,0.0,0.11,0.11,1.05,2,Marc Cucurella Saseta
720,5,False,False,1,307954,35,90,0,0,0,0,0.0,0.01,0.01,0.71,2,Emmanuel Agbadou
402,6,False,False,1,307954,35,55,0,0,0,0,0.09,0.02,0.11,0.17,1,Jacob Murphy
432,7,False,False,1,307954,35,90,0,0,0,0,0.18,0.08,0.26,2.56,2,Anthony Elanga
366,8,False,False,1,307954,35,0,0,0,0,0,0.0,0.0,0.0,0.0,0,Bruno Borges Fernandes
13,9,False,False,1,307954,35,90,0,1,3,0,0.12,0.18,0.3,0.97,8,Martin Ødegaard
447,10,False,False,1,307954,35,90,0,0,0,0,0.24,0.05,0.29,2.56,2,Chris Wood
252,11,False,False,1,307954,35,90,0,0,0,0,0.02,0.06,0.08,0.96,2,Raúl Jiménez Rodríguez
310,12,False,False,1,307954,35,90,0,0,0,0,0.0,0.0,0.0,3.13,2,Alisson Becker
566,13,False,False,1,307954,35,0,0,0,0,0,0.0,0.0,0.0,0.0,0,Jørgen Strand Larsen
326,14,False,False,1,307954,35,0,0,0,0,0,0.0,0.0,0.0,0.0,0,Ibrahima Konaté
327,15,False,False,1,307954,35,0,0,0,0,0,0.0,0.0,0.0,0.0,0,Luis Díaz Marulanda
15,1,False,False,1,318423,35,90,0,0,0,0,0.0,0.01,0.01,0.97,1,David Raya Martín
200,2,False,False,1,318423,35,90,0,0,0,0,0.11,0.55,0.66,0.71,2,Marc Guéhi
231,3,False,False,1,318423,35,90,0,0,0,0,0.0,0.08,0.08,0.85,0,Vitalii Mykolenko
70,4,False,False,1,318423,35,90,0,0,0,0,0.0,0.13,0.13,1.42,2,Milos Kerkez
433,5,False,False,1,318423,35,90,0,0,0,0,0.0,0.03,0.03,2.56,1,Morgan Gibbs-White
423,6,False,False,1,318423,35,90,0,0,0,0,0.1,0.05,0.15,2.56,2,Elliot Anderson
336,7,False,False,1,318423,35,21,0,0,0,0,0.0,0.01,0.01,1.44,1,Dominik Szoboszlai
585,8,False,False,1,318423,35,90,0,0,0,0,0.6,0.41,1.01,0.71,2,Ismaïla Sarr
148,9,False,False,1,318423,35,90,0,0,0,0,0.0,0.02,0.02,1.87,1,Danny Welbeck
306,10,False,False,1,318423,35,84,1,0,3,1,0.48,0.07,0.55,0.5,9,Jamie Vardy
129,11,False,False,1,318423,35,0,0,0,0,0,0.0,0.0,0.0,0.0,0,João Pedro Junqueira de Jesus
235,12,False,False,1,318423,35,90,0,0,0,0,0.0,0.0,0.0,0.85,2,Jordan Pickford
335,13,False,False,1,318423,35,0,0,0,0,0,0.0,0.0,0.0,0.0,0,Andrew Robertson
136,14,False,False,1,318423,35,0,0,0,0,0,0.0,0.0,0.0,0.0,0,Mitoma Kaoru
6,15,False,False,1,318423,35,0,0,0,0,0,0.0,0.0,0.0,0.0,0,Jurriën Timber
91,1,False,False,1,319681,35,90,0,0,0,0,0.0,0.0,0.0,1.56,1,Mark Flekken
36,2,False,False,1,319681,35,19,0,0,0,0,0.0,0.0,0.0,0.15,1,Lucas Digne
422,3,False,False,1,319681,35,90,0,0,0,0,0.01,0.06,0.07,2.56,1,Ola Aina
395,4,False,False,1,319681,35,90,0,0,0,0,0.0,0.0,0.0,0.69,2,Dan Burn
409,5,False,False,1,319681,35,90,0,0,0,0,0.0,0.02,0.02,0.69,2,Tino Livramento
17,6,False,False,1,319681,35,85,0,0,0,0,0.48,0.06,0.54,0.97,2,Bukayo Saka
514,7,False,False,1,319681,35,90,1,0,2,0,0.53,0.05,0.58,0.77,9,Jarrod Bowen
394,8,False,False,1,319681,35,90,0,0,0,0,0.07,0.09,0.16,0.69,2,Bruno Guimarães Rodriguez Moura
99,9,False,False,1,319681,35,90,0,1,0,0,0.06,0.12,0.18,1.56,5,Bryan Mbeumo
58,10,False,False,1,319681,35,70,0,0,0,1,0.21,0.01,0.22,0.7,2,Ollie Watkins
541,11,False,False,1,319681,35,84,0,0,0,0,0.08,0.1,0.18,0.71,2,Matheus Santos Carneiro da Cunha
383,12,False,False,1,319681,35,0,0,0,0,0,0.0,0.0,0.0,0.0,0,André Onana
82,13,False,False,1,319681,35,0,0,0,0,0,0.0,0.0,0.0,0.0,0,Dominic Solanke-Mitchell
57,14,False,False,1,319681,35,82,1,0,3,1,0.09,0.03,0.12,0.76,11,Youri Tielemans
255,15,False,False,1,319681,35,90,0,0,0,0,0.0,0.26,0.26,0.96,2,Antonee Robinson
347,1,False,False,1,295362,36,90,0,0,0,1,0.0,0.0,0.0,0.1,6,Ederson Santana de Moraes
574,2,False,False,1,295362,36,90,0,0,0,0,0.0,0.0,0.0,1.07,1,Nikola Milenković
350,3,False,False,1,295362,36,90,0,0,0,1,0.07,0.08,0.15,0.1,6,Joško Gvardiol
361,4,False,False,1,295362,36,90,0,0,3,1,0.09,0.16,0.25,0.1,9,Rúben dos Santos Gato Alves Dias
415,5,False,False,1,295362,36,90,0,0,0,1,0.0,0.02,0.02,0.69,5,Fabian Schär
345,6,False,False,1,295362,36,90,0,0,0,1,0.37,0.81,1.18,0.1,3,Kevin De Bruyne
54,7,False,False,1,295362,36,88,0,1,0,1,0.0,0.28,0.28,0.26,6,Morgan Rogers
182,8,False,False,1,295362,36,90,0,0,0,0,0.23,0.04,0.27,1.57,2,Cole Palmer
106,9,False,False,1,295362,36,71,1,0,3,1,0.32,0.07,0.39,0.09,11,Kevin Schade
351,10,False,False,1,295362,36,90,0,0,0,1,0.05,0.21,0.26,0.1,2,Erling Haaland
401,11,False,False,1,295362,36,90,0,0,0,1,0.32,0.03,0.35,0.69,2,Alexander Isak
413,12,False,False,1,295362,36,90,0,0,0,1,0.0,0.0,0.0,0.69,7,Nick Pope
735,13,False,False,1,295362,36,6,0,0,0,0,0.13,0.0,0.13,0.0,1,Omar Marmoush
560,14,False,False,1,295362,36,90,0,0,0,0,0.2,0.06,0.26,1.57,2,Pedro Lomba Neto
18,15,False,False,1,295362,36,90,0,0,0,0,0.0,0.01,0.01,2.56,1,William Saliba
248,1,False,False,1,302714,36,90,0,0,0,0,0.0,0.0,0.0,1.12,2,Bernd Leno
579,2,False,False,1,302714,36,82,0,0,0,0,0.04,0.03,0.07,1.03,1,Ryan Sessegnon
88,3,False,False,1,302714,36,90,0,0,2,1,0.0,0.01,0.01,0.93,8,Nathan Collins
339,4,False,False,1,302714,36,90,0,0,0,0,0.0,0.03,0.03,2.31,1,Virgil van Dijk
328,5,False,False,1,302714,36,90,0,0,0,0,0.0,0.39,0.39,2.31,2,Mohamed Salah
392,6,False,False,1,302714,36,90,0,0,0,1,0.37,0.14,0.51,0.69,3,Harvey Barnes
23,7,False,False,1,302714,36,77,0,1,2,0,0.3,0.37,0.67,2.19,7,Leandro Trossard
199,8,False,False,1,302714,36,90,2,0,3,1,1.16,0.2,1.36,0.68,16,Eberechi Eze
346,9,False,False,1,302714,36,45,0,0,0,0,0.0,0.2,0.2,0.07,1,Jérémy Doku
110,10,False,False,1,302714,36,90,0,0,0,1,0.55,0.08,0.63,0.76,1,Yoane Wissa
207,11,False,False,1,302714,36,59,0,0,0,0,0.58,0.02,0.6,0.52,1,Jean-Philippe Mateta
152,12,False,False,1,302714,36,90,0,0,0,0,0.0,0.0,0.0,0.98,2,Kepa Arrizabalaga Revuelta
180,13,False,False,1,302714,36,35,0,0,0,0,0.0,0.0,0.0,1.0,-2,Nicolas Jackson
436,14,False,False,1,302714,36,0,0,0,0,0,0.0,0.0,0.0,0.0,0,Murillo Costa dos Santos
418,15,False,False,1,302714,36,0,0,0,0,0,0.0,0.0,0.0,0.0,0,Kieran Trippier
443,1,False,False,1,307954,36,90,0,0,0,0,0.0,0.0,0.0,1.07,2,Matz Sels
163,2,False,False,1,307954,36,90,0,0,0,0,0.04,0.02,0.06,1.57,1,Marc Cucurella Saseta
437,3,False,False,1,307954,36,90,0,0,0,0,0.0,0.03,0.03,1.07,1,Neco Williams
720,4,False,False,1,307954,36,90,0,0,0,0,0.0,0.01,0.01,1.57,1,Emmanuel Agbadou
13,5,False,False,1,307954,36,90,0,1,0,0,0.16,0.16,0.32,2.56,5,Martin Ødegaard
366,6,False,False,1,307954,36,90,0,0,0,0,0.14,0.42,0.56,1.56,2,Bruno Borges Fernandes
327,7,False,False,1,307954,36,78,1,0,1,0,1.28,0.04,1.32,2.21,8,Luis Díaz Marulanda
432,8,False,False,1,307954,36,90,0,1,2,0,0.03,0.34,0.37,1.07,7,Anthony Elanga
566,9,False,False,1,307954,36,31,0,0,0,0,0.0,0.01,0.01,0.66,1,Jørgen Strand Larsen
252,10,False,False,1,307954,36,90,1,0,3,0,0.2,0.06,0.26,1.12,9,Raúl Jiménez Rodríguez
447,11,False,False,1,307954,36,90,1,0,2,0,0.74,0.0,0.74,1.07,8,Chris Wood
310,12,False,False,1,307954,36,90,0,0,0,0,0.0,0.0,0.0,2.31,2,Alisson Becker
402,13,False,False,1,307954,36,90,0,1,0,1,0.03,0.82,0.85,0.69,5,Jacob Murphy
311,14,False,False,1,307954,36,23,0,0,0,0,0.05,0.09,0.14,0.85,1,Trent Alexander-Arnold
326,15,False,False,1,307954,36,90,0,0,0,0,0.1,0.0,0.1,2.31,1,Ibrahima Konaté
15,1,False,False,1,318423,36,90,0,0,0,0,0.0,0.0,0.0,2.56,2,David Raya Martín
200,2,False,False,1,318423,36,90,0,0,1,1,0.0,0.14,0.14,0.68,7,Marc Guéhi
231,3,False,False,1,318423,36,90,1,0,0,0,0.03,0.01,0.04,0.79,8,Vitalii Mykolenko
335,4,False,False,1,318423,36,90,0,1,0,0,0.17,0.27,0.44,2.31,4,Andrew Robertson
433,5,False,False,1,318423,36,90,1,1,3,0,0.28,0.13,0.41,1.07,13,Morgan Gibbs-White
423,6,False,False,1,318423,36,90,0,0,0,0,0.06,0.02,0.08,0.92,1,Elliot Anderson
336,7,False,False,1,318423,36,90,0,1,0,0,0.06,0.63,0.69,2.31,5,Dominik Szoboszlai
585,8,False,False,1,318423,36,77,0,1,0,1,0.63,0.33,0.96,0.58,6,Ismaïla Sarr
136,9,False,False,1,318423,36,10,0,0,0,0,0.0,0.0,0.0,0.08,1,Mitoma Kaoru
148,10,False,False,1,318423,36,90,1,0,3,1,0.79,0.01,0.8,0.91,9,Danny Welbeck
306,11,False,False,1,318423,36,90,0,1,0,0,0.01,0.02,0.03,1.31,5,Jamie Vardy
235,12,False,False,1,318423,36,90,0,0,0,0,0.0,0.0,0.0,0.79,3,Jordan Pickford
6,13,False,False,1,318423,36,0,0,0,0,0,0.0,0.0,0.0,0.0,0,Jurriën Timber
129,14,False,False,1,318423,36,0,0,0,0,0,0.0,0.0,0.0,0.0,0,João Pedro Junqueira de Jesus
70,15,False,False,1,318423,36,87,0,0,0,0,0.03,0.03,0.06,0.98,2,Milos Kerkez
91,1,False,False,1,319681,36,90,0,0,2,1,0.0,0.0,0.0,0.93,9,Mark Flekken
36,2,False,False,1,319681,36,90,0,0,1,1,0.0,0.13,0.13,0.8,7,Lucas Digne
422,3,False,False,1,319681,36,90,0,0,0,0,0.0,0.03,0.03,1.07,0,Ola Aina
395,4,False,False,1,319681,36,90,0,1,2,1,0.08,0.01,0.09,0.69,11,Dan Burn
409,5,False,False,1,319681,36,90,0,0,1,1,0.0,0.34,0.34,0.69,7,Tino Livramento
17,6,False,False,1,319681,36,87,0,0,0,0,0.38,0.18,0.56,2.34,2,Bukayo Saka
514,7,False,False,1,319681,36,72,1,0,0,1,0.29,0.01,0.3,0.73,8,Jarrod Bowen
394,8,False,False,1,319681,36,90,1,0,0,1,0.1,0.07,0.17,0.69,7,Bruno Guimarães Rodriguez Moura
99,9,False,False,1,319681,36,90,0,1,0,1,0.18,0.23,0.41,0.93,6,Bryan Mbeumo
58,10,False,False,1,319681,36,90,1,0,3,1,0.36,0.02,0.38,0.8,9,Ollie Watkins
541,11,False,False,1,319681,36,58,0,0,0,0,0.11,0.16,0.27,0.91,0,Matheus Santos Carneiro da Cunha
383,12,False,False,1,319681,36,0,0,0,0,0,0.0,0.0,0.0,0.0,0,André Onana
82,13,False,False,1,319681,36,0,0,0,0,0,0.0,0.0,0.0,0.0,0,Dominic Solanke-Mitchell
57,14,False,False,1,319681,36,0,0,0,0,0,0.0,0.0,0.0,0.0,0,Youri Tielemans
255,15,False,False,1,319681,36,0,0,0,0,0,0.0,0.0,0.0,0.0,0,Antonee Robinson
47,1,False,False,1,295362,37,90,0,0,0,1,0.0,0.0,0.0,0.51,6,Emiliano Martínez Romero
574,2,False,False,1,295362,37,90,1,0,0,0,0.35,0.01,0.36,1.13,8,Nikola Milenković
350,3,False,False,1,295362,37,90,0,0,0,0,0.0,0.01,0.01,1.06,2,Joško Gvardiol
44,4,False,False,1,295362,37,90,1,0,3,1,0.35,0.12,0.47,0.51,15,Ezri Konsa Ngoyo
560,5,False,False,1,295362,37,90,0,0,0,1,0.02,0.05,0.07,0.29,3,Pedro Lomba Neto
345,6,False,False,1,295362,37,68,0,0,0,1,0.91,0.16,1.07,0.78,3,Kevin De Bruyne
54,7,False,False,1,295362,37,90,0,1,0,1,0.36,0.08,0.44,0.51,6,Morgan Rogers
182,8,False,False,1,295362,37,90,0,0,0,1,0.06,0.27,0.33,0.29,2,Cole Palmer
106,9,False,False,1,295362,37,75,0,0,0,0,0.12,0.01,0.13,0.93,2,Kevin Schade
351,10,False,False,1,295362,37,82,0,0,0,1,0.11,0.06,0.17,0.78,2,Erling Haaland
735,11,False,False,1,295362,37,90,1,0,2,1,0.12,0.24,0.36,0.78,8,Omar Marmoush
347,12,False,False,1,295362,37,90,0,0,0,0,0.0,0.0,0.0,1.06,1,Ederson Santana de Moraes
401,13,False,False,1,295362,37,0,0,0,0,0,0.0,0.0,0.0,0.0,0,Alexander Isak
415,14,False,False,1,295362,37,90,0,0,0,0,0.92,0.01,0.93,0.64,2,Fabian Schär
18,15,False,False,1,295362,37,45,0,0,0,0,0.0,0.0,0.0,1.46,1,William Saliba
185,1,False,False,1,302714,37,90,0,0,0,1,0.0,0.0,0.0,0.29,6,Robert Lynch Sánchez
436,2,False,False,1,302714,37,90,0,0,0,0,0.0,0.01,0.01,1.13,1,Murillo Costa dos Santos
32,3,False,False,1,302714,37,90,0,0,0,1,0.06,0.02,0.08,0.51,5,Matty Cash
88,4,False,False,1,302714,37,90,0,0,0,0,0.0,0.0,0.0,0.99,1,Nathan Collins
199,5,False,False,1,302714,37,9,1,0,0,0,0.21,0.06,0.27,0.17,6,Eberechi Eze
89,6,False,False,1,302714,37,90,0,0,0,0,0.1,0.31,0.41,0.99,2,Mikkel Damsgaard
328,7,False,False,1,302714,37,90,0,0,0,0,0.83,0.06,0.89,2.2,2,Mohamed Salah
392,8,False,False,1,302714,37,75,0,0,0,0,0.21,0.03,0.24,0.59,2,Harvey Barnes
218,9,False,False,1,302714,37,90,0,0,0,1,1.03,0.12,1.15,1.21,2,Norberto Bercique Gomes Betuncal
207,10,False,False,1,302714,37,9,0,0,0,0,0.2,0.03,0.23,0.17,1,Jean-Philippe Mateta
110,11,False,False,1,302714,37,90,1,1,2,0,1.25,0.06,1.31,0.99,10,Yoane Wissa
152,12,False,False,1,302714,37,90,0,0,0,0,0.0,0.0,0.0,1.6,1,Kepa Arrizabalaga Revuelta
78,13,False,False,1,302714,37,90,0,0,0,0,0.08,0.01,0.09,1.6,2,Antoine Semenyo
339,14,False,False,1,302714,37,0,0,0,0,0,0.0,0.0,0.0,0.0,0,Virgil van Dijk
418,15,False,False,1,302714,37,0,0,0,0,0,0.0,0.0,0.0,0.0,0,Kieran Trippier
443,1,False,False,1,307954,37,90,0,0,0,0,0.0,0.0,0.0,1.13,3,Matz Sels
163,2,False,False,1,307954,37,90,1,0,3,1,0.16,0.01,0.17,0.29,15,Marc Cucurella Saseta
437,3,False,False,1,307954,37,90,0,0,2,0,0.0,0.14,0.14,1.13,4,Neco Williams
720,4,False,False,1,307954,37,90,1,0,0,0,0.61,0.02,0.63,1.69,5,Emmanuel Agbadou
13,5,False,False,1,307954,37,90,0,1,0,1,0.03,0.04,0.07,1.64,6,Martin Ødegaard
366,6,False,False,1,307954,37,80,0,0,0,0,0.03,0.04,0.07,0.82,1,Bruno Borges Fernandes
327,7,False,False,1,307954,37,27,0,0,0,0,0.02,0.04,0.06,1.19,1,Luis Díaz Marulanda
432,8,False,False,1,307954,37,90,0,1,0,0,0.18,0.44,0.62,1.11,5,Anthony Elanga
566,9,False,False,1,307954,37,66,1,1,2,0,0.24,0.01,0.25,1.13,11,Jørgen Strand Larsen
252,10,False,False,1,307954,37,90,1,0,3,0,0.37,0.04,0.41,2.87,9,Raúl Jiménez Rodríguez
447,11,False,False,1,307954,37,90,0,0,0,0,0.21,0.12,0.33,1.13,2,Chris Wood
310,12,False,False,1,307954,37,90,0,0,0,0,0.0,0.0,0.0,2.2,4,Alisson Becker
402,13,False,False,1,307954,37,62,0,0,0,0,0.0,0.03,0.03,0.57,2,Jacob Murphy
311,14,False,False,1,307954,37,0,0,0,0,0,0.0,0.0,0.0,0.0,0,Trent Alexander-Arnold
326,15,False,False,1,307954,37,90,0,0,0,0,0.0,0.02,0.02,2.2,1,Ibrahima Konaté
15,1,False,False,1,318423,37,90,0,0,1,1,0.0,0.01,0.01,1.86,7,David Raya Martín
231,2,False,False,1,318423,37,90,0,0,2,1,0.02,0.04,0.06,1.21,8,Vitalii Mykolenko
70,3,False,False,1,318423,37,82,0,0,0,0,0.0,0.08,0.08,1.51,1,Milos Kerkez
6,4,False,False,1,318423,37,0,0,0,0,0,0.0,0.0,0.0,0.0,0,Jurriën Timber
433,5,False,False,1,318423,37,83,1,0,3,1,1.14,0.23,1.37,0.95,11,Morgan Gibbs-White
423,6,False,False,1,318423,37,82,0,0,0,1,0.0,0.24,0.24,0.95,2,Elliot Anderson
336,7,False,False,1,318423,37,63,1,0,0,0,0.11,0.02,0.13,1.01,7,Dominik Szoboszlai
585,8,False,False,1,318423,37,62,0,1,0,0,0.33,0.33,0.66,1.18,5,Ismaïla Sarr
136,9,False,False,1,318423,37,25,1,0,0,0,0.4,0.25,0.65,0.38,6,Mitoma Kaoru
148,10,False,False,1,318423,37,83,0,1,0,0,0.66,0.08,0.74,2.24,5,Danny Welbeck
306,11,False,False,1,318423,37,79,1,0,2,1,0.45,0.0,0.45,1.33,8,Jamie Vardy
235,12,False,False,1,318423,37,90,0,0,0,1,0.0,0.0,0.0,1.21,6,Jordan Pickford
200,13,False,False,1,318423,37,0,0,0,0,0,0.0,0.0,0.0,0.0,0,Marc Guéhi
129,14,False,False,1,318423,37,0,0,0,0,0,0.0,0.0,0.0,0.0,0,João Pedro Junqueira de Jesus
335,15,False,False,1,318423,37,0,0,0,0,0,0.0,0.0,0.0,0.0,0,Andrew Robertson
91,1,False,False,1,319681,37,90,0,0,0,0,0.0,0.0,0.0,0.99,2,Mark Flekken
211,2,False,False,1,319681,37,90,0,0,0,0,0.05,0.05,0.1,1.52,1,Daniel Muñoz Mejía
422,3,False,False,1,319681,37,90,0,0,0,0,0.0,0.01,0.01,1.13,2,Ola Aina
395,4,False,False,1,319681,37,90,0,0,0,0,0.18,0.02,0.2,0.64,1,Dan Burn
17,5,False,False,1,319681,37,75,0,0,0,1,0.06,0.28,0.34,1.54,3,Bukayo Saka
514,6,False,False,1,319681,37,90,1,0,1,0,0.16,0.03,0.19,1.96,8,Jarrod Bowen
394,7,False,False,1,319681,37,90,0,0,0,0,0.29,0.14,0.43,0.64,2,Bruno Guimarães Rodriguez Moura
99,8,False,False,1,319681,37,90,1,0,0,0,0.99,0.09,1.08,0.99,5,Bryan Mbeumo
617,9,False,False,1,319681,37,82,0,0,0,0,0.42,0.02,0.44,1.51,2,Francisco Evanilson de Lima Barbosa
58,10,False,False,1,319681,37,85,0,1,0,1,0.22,0.37,0.59,0.51,5,Ollie Watkins
541,11,False,False,1,319681,37,23,0,0,0,0,0.21,0.03,0.24,0.56,1,Matheus Santos Carneiro da Cunha
383,12,False,False,1,319681,37,90,0,0,0,0,0.0,0.01,0.01,0.82,2,André Onana
36,13,False,False,1,319681,37,0,0,0,0,0,0.0,0.0,0.0,0.0,0,Lucas Digne
57,14,False,False,1,319681,37,0,0,0,0,0,0.0,0.0,0.0,0.0,0,Youri Tielemans
409,15,False,False,1,319681,37,90,0,0,0,0,0.07,0.05,0.12,0.64,2,Tino Livramento
47,1,False,False,1,295362,38,45,0,0,0,0,0.0,0.0,0.0,1.11,-2,Emiliano Martínez Romero
415,2,False,False,1,295362,38,90,0,0,0,0,0.41,0.04,0.45,0.99,1,Fabian Schär
350,3,False,False,1,295362,38,90,0,0,2,1,0.16,0.04,0.2,1.74,8,Joško Gvardiol
580,4,False,False,1,295362,38,12,0,1,0,0,0.0,0.01,0.01,0.02,4,Dean Huijsen
54,5,False,False,1,295362,38,83,0,0,0,0,0.0,0.01,0.01,1.99,1,Morgan Rogers
182,6,False,False,1,295362,38,90,0,0,0,1,0.01,0.47,0.48,1.35,3,Cole Palmer
135,7,False,False,1,295362,38,90,0,0,0,0,0.12,0.32,0.44,1.95,2,Yankuba Minteh
106,8,False,False,1,295362,38,79,0,0,0,0,0.1,0.05,0.15,0.96,2,Kevin Schade
398,9,False,False,1,295362,38,45,0,0,0,0,0.02,0.02,0.04,0.24,1,Anthony Gordon
401,10,False,False,1,295362,38,90,0,0,0,0,0.17,0.03,0.2,0.99,2,Alexander Isak
735,11,False,False,1,295362,38,81,0,0,0,1,0.35,0.02,0.37,1.29,2,Omar Marmoush
413,12,False,False,1,295362,38,90,0,0,0,0,0.0,0.0,0.0,0.99,3,Nick Pope
44,13,False,False,1,295362,38,90,0,0,0,0,0.0,0.0,0.0,2.86,1,Ezri Konsa Ngoyo
578,14,False,False,1,295362,38,0,0,0,0,0,0.0,0.0,0.0,0.0,0,Riccardo Calafiori
351,15,False,False,1,295362,38,84,1,0,0,1,0.96,0.02,0.98,1.29,6,Erling Haaland
152,1,False,False,1,302714,38,90,0,0,0,1,0.0,0.0,0.0,0.27,6,Kepa Arrizabalaga Revuelta
339,2,False,False,1,302714,38,90,0,0,0,0,0.0,0.04,0.04,1.75,1,Virgil van Dijk
32,3,False,False,1,302714,38,90,0,0,0,0,0.06,0.01,0.07,2.86,1,Matty Cash
388,4,False,False,1,302714,38,90,0,1,0,0,0.0,0.04,0.04,0.79,5,Aaron Wan-Bissaka
199,5,False,False,1,302714,38,61,0,0,0,1,0.0,0.59,0.59,0.94,3,Eberechi Eze
23,6,False,False,1,302714,38,27,0,1,0,0,0.1,0.02,0.12,0.0,4,Leandro Trossard
328,7,False,False,1,302714,38,90,1,0,3,0,0.43,0.42,0.85,1.75,10,Mohamed Salah
392,8,False,False,1,302714,38,87,0,0,0,0,0.08,0.02,0.1,0.66,2,Harvey Barnes
78,9,False,False,1,302714,38,90,2,0,3,1,0.46,0.1,0.56,0.27,16,Antoine Semenyo
207,10,False,False,1,302714,38,61,0,0,0,1,0.68,0.0,0.68,0.94,2,Jean-Philippe Mateta
110,11,False,False,1,302714,38,90,0,0,0,0,0.27,0.14,0.41,1.12,1,Yoane Wissa
185,12,False,False,1,302714,38,90,0,0,0,1,0.0,0.0,0.0,1.35,6,Robert Lynch Sánchez
85,13,False,False,1,302714,38,90,0,1,2,1,0.1,0.17,0.27,0.27,11,Illia Zabarnyi
218,14,False,False,1,302714,38,87,0,0,0,1,0.23,0.01,0.24,0.95,2,Norberto Bercique Gomes Betuncal
436,15,False,False,1,302714,38,90,0,0,0,0,0.03,0.02,0.05,1.07,2,Murillo Costa dos Santos
310,1,False,False,1,307954,38,90,0,0,0,0,0.0,0.0,0.0,1.75,3,Alisson Becker
311,2,False,False,1,307954,38,45,0,0,0,0,0.01,0.31,0.32,0.57,1,Trent Alexander-Arnold
8,3,False,False,1,307954,38,90,0,0,0,0,0.0,0.03,0.03,0.63,2,Jakub Kiwior
326,4,False,False,1,307954,38,61,0,0,0,0,0.0,0.03,0.03,1.23,2,Ibrahima Konaté
13,5,False,False,1,307954,38,15,1,0,1,0,0.06,0.03,0.09,0.0,7,Martin Ødegaard
366,6,False,False,1,307954,38,90,0,1,1,1,0.25,0.54,0.79,0.4,7,Bruno Borges Fernandes
327,7,False,False,1,307954,38,68,0,0,0,0,0.73,0.04,0.77,1.44,2,Luis Díaz Marulanda
402,8,False,False,1,307954,38,69,0,0,0,0,0.0,0.02,0.02,0.56,2,Jacob Murphy
566,9,False,False,1,307954,38,25,0,1,0,0,0.0,0.01,0.01,0.23,4,Jørgen Strand Larsen
252,10,False,False,1,307954,38,90,0,0,0,0,0.21,0.0,0.21,2.84,2,Raúl Jiménez Rodríguez
447,11,False,False,1,307954,38,90,0,0,0,0,0.95,0.01,0.96,1.07,2,Chris Wood
443,12,False,False,1,307954,38,90,0,0,0,0,0.0,0.18,0.18,1.07,2,Matz Sels
432,13,False,False,1,307954,38,90,0,0,0,0,0.08,0.16,0.24,1.07,2,Anthony Elanga
163,14,False,False,1,307954,38,90,0,0,2,1,0.0,0.02,0.02,1.35,8,Marc Cucurella Saseta
720,15,False,False,1,307954,38,90,0,0,0,0,0.0,0.01,0.01,1.43,2,Emmanuel Agbadou
15,1,False,False,1,318423,38,90,0,0,0,0,0.0,0.0,0.0,0.63,2,David Raya Martín
231,2,False,False,1,318423,38,90,0,1,1,1,0.0,0.1,0.1,1.27,9,Vitalii Mykolenko
335,3,False,False,1,318423,38,84,0,0,0,0,0.0,0.04,0.04,1.44,2,Andrew Robertson
70,4,False,False,1,318423,38,90,0,0,0,1,0.05,0.07,0.12,0.27,6,Milos Kerkez
136,5,False,False,1,318423,38,45,0,1,0,0,0.0,0.06,0.06,0.48,4,Mitoma Kaoru
433,6,False,False,1,318423,38,90,0,0,0,0,0.0,0.01,0.01,1.07,2,Morgan Gibbs-White
423,7,False,False,1,318423,38,90,0,0,0,0,0.19,0.03,0.22,1.07,1,Elliot Anderson
336,8,False,False,1,318423,38,60,0,0,0,0,0.05,0.1,0.15,1.23,2,Dominik Szoboszlai
585,9,False,False,1,318423,38,90,1,0,2,0,0.68,0.1,0.78,2.17,9,Ismaïla Sarr
306,10,False,False,1,318423,38,0,0,0,0,0,0.0,0.0,0.0,0.0,0,Jamie Vardy
129,11,False,False,1,318423,38,0,0,0,0,0,0.0,0.0,0.0,0.0,0,João Pedro Junqueira de Jesus
235,12,False,False,1,318423,38,90,0,0,3,1,0.0,0.01,0.01,1.27,11,Jordan Pickford
148,13,False,False,1,318423,38,0,0,0,0,0,0.0,0.0,0.0,0.0,0,Danny Welbeck
200,14,False,False,1,318423,38,0,0,0,0,0,0.0,0.0,0.0,0.0,0,Marc Guéhi
6,15,False,False,1,318423,38,0,0,0,0,0,0.0,0.0,0.0,0.0,0,Jurriën Timber
91,1,False,False,1,319681,38,90,0,0,0,0,0.0,0.0,0.0,1.12,3,Mark Flekken
211,2,False,False,1,319681,38,90,0,0,0,0,0.0,0.01,0.01,2.17,2,Daniel Muñoz Mejía
422,3,False,False,1,319681,38,82,0,0,0,0,0.04,0.34,0.38,1.0,1,Ola Aina
395,4,False,False,1,319681,38,90,0,0,0,0,0.0,0.01,0.01,0.99,2,Dan Burn
17,5,False,False,1,319681,38,27,0,0,0,0,0.07,0.42,0.49,0.0,1,Bukayo Saka
514,6,False,False,1,319681,38,90,1,1,3,0,0.12,0.16,0.28,0.79,13,Jarrod Bowen
394,7,False,False,1,319681,38,90,0,0,0,0,0.06,0.07,0.13,0.99,2,Bruno Guimarães Rodriguez Moura
99,8,False,False,1,319681,38,90,1,0,1,0,0.27,0.11,0.38,1.12,8,Bryan Mbeumo
617,9,False,False,1,319681,38,90,0,0,0,1,0.4,0.05,0.45,0.27,2,Francisco Evanilson de Lima Barbosa
58,10,False,False,1,319681,38,90,0,0,0,0,0.0,0.02,0.02,2.86,2,Ollie Watkins
541,11,False,False,1,319681,38,90,0,0,0,0,0.38,0.08,0.46,1.43,2,Matheus Santos Carneiro da Cunha
383,12,False,False,1,319681,38,0,0,0,0,0,0.0,0.0,0.0,0.0,0,André Onana
36,13,False,False,1,319681,38,0,0,0,0,0,0.0,0.0,0.0,0.0,0,Lucas Digne
57,14,False,False,1,319681,38,28,0,0,0,0,0.18,0.01,0.19,1.42,1,Youri Tielemans
409,15,False,False,1,319681,38,90,0,0,0,0,0.0,0.25,0.25,0.99,2,Tino Livramento
